x,y,label
-0.250919762305275,0.9014286128198323,1
0.4639878836228102,0.1973169683940732,-1
-0.687962719115127,-0.6880109593275947,-1
0.2022300234864176,0.416145155592091,1
0.6648852816008435,-0.5753217786434477,-1
-0.6363500655857988,-0.6331909802931324,-1
-0.39151551408092455,0.04951286326447568,1
-0.13610996271576847,-0.4175417196039162,-1
0.22370578944475894,-0.7210122786959163,-1
-0.4157107029295637,-0.2672763134126166,1
-0.08786003156592814,0.5703519227860272,-1
-0.6006524356832805,0.02846887682722321,1
0.18482913772408494,-0.9070991745600046,-1
0.21508970380287673,-0.6589517526254169,-1
-0.39077246165325863,-0.8046557719872323,-1
0.3684660530243138,-0.1196950125207974,-1
-0.7559235303104423,-0.00964617977745963,1
-0.48244003679996617,0.32504456870796394,1
-0.3765778478211781,0.040136042355621626,1
0.0934205586865593,-0.6302910889489459,-1
0.19579995762217028,0.8437484700462337,1
-0.9095454221789239,-0.3493393384734713,-1
-0.22264542062103598,-0.4573019364522082,-1
0.6574750183038587,-0.28649334661282144,-1
-0.4381309806252385,0.08539216631649693,1
-0.7181515500504747,0.6043939615080793,1
0.5444895385933148,-0.6025686369316552,-1
0.41371468769523423,0.4580143360819746,-1
-0.2830685429114548,-0.7682618809497406,-1
0.726206851751187,0.24659625365511584,-1
-0.3382039502947016,-0.8728832994279527,-1
-0.3780353565686756,-0.3496333559465059,1
0.45921235667612814,0.27511494271042625,-1
0.7744254851526531,-0.05557014967610141,-1
-0.7608115081233966,0.42648957444599,1
0.5215700972337949,0.12255439513899247,-1
0.541934359909122,-0.012408807271218514,-1
0.045465658763988115,-0.14491796328290074,-1
-0.9371416286265315,0.2728208225275608,1
-0.37128803784734665,0.01714138232940554,1
0.815132947852186,-0.5014155417022501,-1
-0.17923415392874054,0.5111022770860973,1
-0.42049709417246395,-0.6775574254919912,-1
0.26680751302084693,0.7429211803754354,1
0.6073441537982289,-0.6268598822279283,-1
0.7851179969799555,0.07868448383130144,-1
-0.36399305005627225,-0.7798961509446465,-1
-0.5441296749161166,-0.14578442274748737,1
0.6360295318449862,0.7214611665126869,1
-0.9860957389376186,0.021494605155131463,1
-0.16517799370244202,-0.5557843790585395,-1
-0.7602692653326344,-0.3247696571927441,1
0.8858194078250383,-0.35359413595848954,-1
0.037581243486732197,0.4060379177903557,-1
-0.27274079524141204,0.9435641654419213,1
-0.005502988215229099,-0.3982433803664607,1
0.2191286679597937,0.005358046457722976,-1
0.8165317719333074,-0.5208762186660552,-1
-0.7102102558175538,-0.02109447944487397,1
0.3442710948117571,0.5232392306574352,1
-0.5247249120152007,0.45643269722371915,1
-0.26443373456149355,0.26461166118715895,1
0.2670594215217894,0.07154936814951696,-1
-0.35843987005652833,-0.6269629792002915,-1
-0.9184497168904722,0.18178588637648363,1
0.024186116598561958,-0.5470084496041241,1
0.2903455808188997,-0.6512671419900171,-1
0.3818754762049319,-0.22652930739892518,-1
-0.317867297899483,-0.7730529575188219,-1
-0.4841167445696888,0.3199680920683581,1
0.6344444004024317,0.11040162319892466,-1
0.05930115671201297,-0.5162954181990966,1
0.8008361143266609,0.2662029145465359,-1
-0.32194041790259864,-0.3015808507746782,1
0.45191135774047875,0.7942205199051542,1
0.7741728485302346,0.5597510917152477,1
0.2840632923085755,-0.8317200700099023,-1
-0.7970569142679358,0.3270035382161116,1
0.09746757873317224,0.3837903953853865,1
0.30392251900520106,-0.5514613810788804,-1
0.4243584426950717,-0.5255018250063999,-1
-0.34920060368146455,0.4929828102360483,1
0.2992657980944293,0.6984468209883559,1
0.31522578460068673,0.13661720667094324,-1
-0.812650464343815,-0.26456839388113296,1
-0.4695952646365491,-0.5120207132418328,-1
0.9460211095048912,-0.2138045506664792,-1
0.7840931103542266,0.2622772519945258,-1
0.5896226070832968,0.005274186210384224,-1
0.15380776925271822,-0.0149646123622722,-1
-0.609514024403911,0.44490423052301065,1
0.29094459181433563,-0.6457786411859021,-1
0.829728780440897,-0.2596825994891112,-1
-0.14363170336537134,0.9333096380873391,1
-0.4111022158608286,-0.22980454279614948,1
0.7022733430337138,-0.36615598968744467,-1
-0.661014506627815,0.11360252491670031,1
0.8723095483215619,0.392059593349946,1
0.14012234017872993,-0.8056470124584629,-1
-0.7198319695269519,0.036659304727473474,1
0.7547461438559109,0.4815372355084089,1
0.39403148199053595,0.40496816797421853,-1
-0.28101769756048967,-0.4128163114710133,-1
0.6187223109570272,0.6202267893583615,1
0.022684797721875594,0.0030325893743992083,-1
0.5965903579335503,0.2999278615555303,-1
0.4039337545154067,0.5915853388722021,1
0.7800106836351326,-0.3240096862969284,-1
-0.24883409472011198,-0.812036120318262,-1
0.15656028199234795,-0.9281154524065158,-1
-0.06880396373507969,0.08528926941515325,1
-0.4269174957434312,0.1816665211380215,1
0.6452011213193165,-0.2796187171774742,-1
-0.7458789746962304,0.04448652010960874,1
0.5399871061972217,-0.5683579450063136,-1
0.2457809516380005,-0.829305070012464,-1
-0.8966365576627846,0.06270926313629599,1
0.08127024322021303,0.2748598029964131,1
0.03260069660239062,-0.35408705411750807,1
0.5903723895374073,-0.45833549747585156,-1
-0.12205715858872779,-0.8430872373154681,-1
0.6719602410244117,0.39194841218739596,-1
-0.18209411117146024,-0.6534113598583084,-1
-0.6871259146578279,-0.49951420367080934,-1
0.09845332941224094,0.42919184540012467,-1
0.32039475343546253,-0.4401322061081143,-1
0.10870810502280137,0.22344149246870448,1
-0.16079987514442018,-0.5045380209976851,-1
-0.2880546426974768,0.5156922209287382,1
0.7109211680220144,0.40731571876004735,1
-0.05165234182534961,-0.804331678697997,-1
-0.016768249766335286,-0.05305645843886864,-1
-0.6535962601799696,-0.13229670152405393,1
-0.20299053120525312,0.23170019610443293,1
0.2701873017352876,-0.909391980455911,-1
-0.25077477074705756,0.25171983142847276,1
0.006272517160175406,0.7129796823766446,1
0.31738726323789,-0.6741311458371406,-1
-0.8588625051991403,0.2848385564126312,1
-0.9469773789167564,0.1715511625469266,1
0.8804604828499152,0.1509483557517579,-1
-0.22366014758695618,0.28657643688470635,1
-0.08349421901696674,0.09123357863186987,1
0.8829296175530503,-0.2277947243984515,-1
-0.8111140784881432,0.3660135468327137,1
-0.857622703079542,-0.3620487394124774,-1
0.6289369651778716,-0.43629045045320014,-1
-0.7636703447566875,0.3934743307283013,1
0.257885693559768,0.7549440270541059,1
0.47014208760777154,0.6069618607696972,1
-0.43593085485738703,-0.6451209124405544,-1
0.5012295032817167,0.613669478534528,1
0.9810102840013466,-0.17476464617714704,-1
-0.25596382841443366,0.5528259214839937,1
-0.3183929194939643,0.8615146512071294,1
0.7168255036860236,-0.1420119452499633,-1
0.5017421355829947,0.5090857481693647,1
0.01050474489571429,0.6529149322154832,1
-0.3599007979387765,0.791046456992401,1
-0.36137272481917027,0.9001239341016098,1
0.9012142938751122,0.14687577624657222,-1
0.26367442433959853,-0.10310895604336046,-1
-0.41357845660387094,-0.3426709092601681,1
0.34503691215407684,0.50474905887536,1
0.5831580874516971,0.5792362855891078,1
-0.8175877939026193,-0.01115939059483706,1
-0.8848824799667114,0.09905776464747107,1
-0.11693899725324597,0.7754083655165995,1
-0.2981699748958426,-0.7658659671447883,-1
-0.7140166358943283,0.5230212634349445,1
0.23643612663252211,-0.7977546477544195,-1
-0.8317863877700051,0.40193826291824,1
0.4124844543129924,-0.8373024387162005,-1
-0.25145840848775936,-0.25871570586621817,1
-0.24748082893816847,-0.8329985666026625,-1
0.5542938318548736,0.1168084994716101,-1
-0.15155598150604743,0.812708770189472,1
-0.7776050353876973,-0.0147497914182817,1
-0.9772927104651619,-0.06267871601174746,-1
-0.7649475064457902,0.29842060423212713,1
0.4920897585308466,0.16673753019431925,-1
0.9243450969490838,-0.2502588409525919,-1
-0.42857582743627853,0.7371982563789206,1
0.055402218172599715,0.9859295922386007,1
-0.8524068705292023,0.10770856880264157,1
0.9386050712381979,0.046195688340297636,-1
0.25879727627052507,0.39149737796923434,1
-0.09091787046445354,0.2551161601681269,1
0.16862862384620048,0.802316020981978,1
-0.08868649442857413,0.24026519560307347,1
-0.44523763403773464,-0.6237576805524774,-1
-0.07260319012003569,-0.29329554394789437,-1
0.16731222370174414,-0.8445307260700303,-1
0.3963234280394903,0.07219273268824078,-1
-0.3809447674273445,0.6275900394138973,1
0.36946234510775855,-0.6747661213102174,-1
0.22683039187157972,-0.16351392741876225,-1
-0.2470732662439008,0.6211066615636658,1
0.18826143070427026,-0.23821828673795697,-1
0.6766574094222757,-0.06261368041005944,-1
-0.17036099532466964,-0.45318585613858753,-1
0.9932736741478108,0.11086341120525489,1
0.6992947813548229,-0.5053037965136047,-1
-0.09891172937981296,-0.74168116969701,-1
0.9081020545174447,0.2123492689017601,1
-0.5427143889930746,0.34340136881171346,1
0.23625648091579166,-0.283674563934319,-1
-0.772884815600742,0.3431463911855992,1
0.040615401807586604,0.5446367834712786,-1
0.040327002223986774,0.7043630006370802,1
0.10381367754897108,0.12187594307077254,-1
0.75330720531669,-0.19303426757520592,-1
0.510274511347238,0.24061910270692932,-1
0.40815953619844714,-0.5740716769821785,-1
-0.29882488238680605,0.17983537370926617,1
-0.21551190980053536,-0.12505015595254187,1
0.8083173889874968,-0.3034890659533993,-1
0.027978978319621595,0.5673060254822861,-1
-0.20691443535745968,0.24417340045574698,1
-0.015767413840923616,-0.4835112234020833,1
-0.08172848752347739,0.9600651505709541,1
-0.014763812014260802,-0.3424967794249836,-1
0.26680170863345154,-0.5197087624436139,-1
-0.7223456547011797,0.2817494896064292,1
-0.6362398312017103,-0.3086654333522736,1
0.7935768198120237,-0.052076719474255295,-1
0.33511547704205435,-0.6553602575967403,-1
-0.6621298738556709,-0.44281932193608275,-1
-0.7587282577987984,-0.07844246393454846,1
-0.587332563188415,-0.2714602779038491,1
0.0068345417097137595,0.3807896572587306,-1
0.2558007789818155,-0.8364819361022562,-1
-0.8778440802902725,-0.44624470370559255,-1
0.6124025595861227,0.4965193807673167,1
-0.6309579612872454,-0.5813013533265794,-1
-0.25905579441723603,-0.030954029617957346,1
0.2365095430605919,-0.2621727208604552,-1
-0.07493056773370421,0.49494187626751307,-1
0.4266991717691049,0.7904136753743987,1
0.02335488423133225,0.06422697053063131,1
-0.7856559773204479,-0.10517526635309071,1
0.06523453291004633,-0.5150589927305407,1
-0.4615135381012381,-0.2454316737907547,1
-0.5771039860069107,-0.3450052956441707,1
0.18718490710809732,0.3582046382889792,1
0.5783424772146766,-0.003115602141885443,-1
-0.8261594238251526,0.07421308363709556,1
0.17368223604175825,0.49087894836866,1
-0.13668090754064122,-0.7448393944088725,-1
-0.43244818840255106,-0.2738354072027298,1
0.29183448266320244,0.14155660933782377,-1
0.2115496387137743,-0.525546416528011,-1
-0.5080845432309837,-0.6786372534808887,-1
-0.6268659518973885,-0.4298096626123058,1
-0.8395325086767156,0.04902277914050934,1
-0.17920634602067698,0.9647572338172128,1
-0.7759221956638953,-0.20428880190851673,1
0.6341441418985598,-0.48419434591012034,-1
-0.6582248252198684,0.337286439848862,1
0.8587519782551716,0.11352578602785957,-1
0.1432253789397997,-0.44004181267943165,-1
0.5389858663838738,-0.6259125028849533,-1
-0.35264152719151265,-0.14912712276716644,1
0.015220757368910043,-0.5151805351698395,1
-0.7703263505215929,0.2212400848832652,1
-0.42273889351948846,0.16247644284522456,1
-0.6912745694515954,-0.03771979629036504,1
0.06517886510317172,-0.8963529263551462,-1
-0.32679144361215884,-0.7311706461220515,-1
-0.35529231005055406,0.6197488917092697,1
-0.4907186904724723,0.36300544444785854,1
0.5204557197793731,0.19127748121568855,-1
-0.05684762289968326,-0.17631817170546293,-1
-0.3022634669140094,0.8590582884956517,1
-0.7514055530289105,0.4617349504072885,1
-0.867007465266445,0.4822412985801181,1
0.1489462263598238,0.6836575535165441,1
-0.720455246747421,0.5905346237197804,1
-0.5967453599045109,-0.672688114268591,-1
-0.6714684041380141,0.6291494404627642,1
0.33039444139240026,0.04613084953823865,-1
-0.282339031752995,0.7544010816262166,1
-0.21510978515472923,0.6331988789431542,1
-0.12173018285956316,-0.24611114115018484,-1
-0.07464042866078713,-0.39724425167171584,1
0.49521876035250223,0.005440780184958305,-1
-0.5355746097063654,0.7991491465491369,1
-0.23221755725357718,0.08710572222797719,1
0.8129442219290939,0.2484759918279842,-1
0.2554161061428357,-0.33018877068582775,-1
-0.7214558546732255,0.588050378540592,1
0.24014551185702704,0.06692218395264304,-1
0.7877851661019153,0.5771944224490615,1
-0.6966502405344976,-0.37655586440890354,1
-0.5030217203710685,0.48789258514535394,1
-0.9329351305284412,0.13977936974263305,1
0.5249173714813811,0.7535312735234989,1
-0.3158365025681851,0.6425146093440257,1
-0.7450226753360352,-0.20542541887926546,1
0.5945907315591072,-0.7001651453024524,-1
-0.541497209534717,0.44450513678613257,1
0.4400730730921487,0.2822952657705946,-1
0.38789688893420005,0.08544888669519235,-1
-0.4964018821860945,-0.3086080129921611,1
0.16678358953224093,-0.19829716647272022,-1
-0.07598839271173463,0.8945666792236306,1
-0.6932971937678396,0.17245966403359447,1
0.011777357768931962,0.22290847086929566,1
0.8642365649672248,0.13026636717841789,-1
0.3933016477537845,0.8449987623545914,1
0.41447726862679724,-0.6949219141714773,-1
0.15257672033362635,0.2134300927657118,-1
-0.15173865739522796,0.47288847124944566,1
-0.09832125719173579,-0.7735239083184895,-1
0.7397927241242566,0.03767611425214423,-1
0.1825508714898585,-0.20199459225973948,-1
-0.8904767223559373,-0.32960551670819815,-1
-0.33300165661771164,-0.20366261281811338,1
0.07479120587584576,0.839711232825521,1
-0.3073080112680775,-0.3060935962075446,1
0.47500249621949675,-0.09556411822038569,-1
-0.5507903541200361,-0.0951209677346132,1
-0.7182859592404003,-0.6472260269875534,-1
-0.0032644545210405163,-0.16214910099090418,-1
0.8296918021362001,-0.2752122017667338,-1
0.1611767005560869,0.26452857583906075,1
-0.7026745444937741,-0.17075175254595254,1
0.004390020662485172,0.19077003464008757,1
-0.865847045223145,0.4999209407983556,1
-0.5801888138088285,0.7961085788814275,1
-0.5897207190359857,-0.6186245586726669,-1
-0.9269006643038102,-0.055866109780001505,1
0.12968226652523285,-0.8685827211432953,-1
0.5510552333900212,-0.09342233050394477,-1
0.04878053865516008,-0.11847450612354371,-1
-0.19847387824934803,0.11928066261643577,1
-0.689519508138575,-0.6361437390094578,-1
-0.2533813674404941,-0.45851065371289246,-1
0.2879990864780315,-0.1825316578038072,-1
0.43194445769479506,0.3178478838203027,-1
-0.5378504068238572,0.34378548719745683,1
0.5998321707463787,-0.6429106758913328,-1
0.3054922157037494,-0.523634437906547,-1
-0.8011172144813097,-0.5136556180010918,-1
0.4445338637113183,0.7113929362125715,1
0.6604397291339832,-0.20563294076309035,-1
0.33617027314129233,-0.5900314091683581,-1
-0.4137045394779735,0.7926716370422395,1
-0.6371291298204054,0.16608312193938435,1
-0.1571508988150041,0.7853434221539497,1
0.6348871234768818,-0.31636529660424806,-1
-0.48115313313741503,-0.2406151836654662,1
0.18058988502961548,-0.4638727183542475,-1
0.24829781569826803,-0.18117669561751915,-1
0.10409436170396047,-0.12774694172936663,-1
-0.41106848091616466,0.8969066139243134,1
0.5272115883195216,-0.7197736484670949,-1
0.7369359517958256,-0.025137603500972716,-1
0.7891044537881828,0.5997105118946304,1
-0.1495729910615331,-0.9550613833597652,-1
-0.46264528123010784,0.08326842932173384,1
0.26695643965229454,-0.48422462913359543,-1
-0.7212878518543517,0.6698604735985982,1
0.9688043614071042,0.05138036460537165,1
-0.656641428303393,-0.4553853469612621,-1
-0.7644978342197177,0.1530329510285071,1
-0.451889558625588,0.10835600503158682,1
0.30284077670372844,0.6594836074144033,1
0.7477801551250305,0.1948262043406166,-1
0.20103372086730675,0.33007334909251096,1
-0.16245895021585377,-0.2337229435010051,1
0.037835410565675076,-0.9060680664498899,-1
-0.6674332624878412,0.4760672328527409,1
-0.8344026641497471,0.2063042189327764,1
-0.5093017806373581,-0.2214087719160469,1
-0.42261252645860026,-0.28865456707010173,1
0.438091810368491,-0.40575656875364996,-1
0.13280928059379438,-0.04789919560180067,-1
0.3273423307252963,0.873659478649516,1
0.4651441944205006,-0.5701192428184865,-1
0.19015586140050966,-0.8971483730314993,-1
-0.007267505597527313,0.19368569783377843,1
-0.33151221836607836,0.5418244074916438,1
0.4563775124072067,-0.009017367587603076,-1
0.3768047928554721,-0.13034532279250755,-1
-0.5071959335217864,0.6382046353483994,1
0.5988317579379585,0.3893929417088535,-1
-0.4557097255400746,0.1804613337381742,1
-0.2780522061199464,-0.8168358533467317,-1
0.9004747076416049,-0.10798845408408853,-1
-0.6297341423227607,0.08380189475671629,1
0.7458916717528166,0.46444977281912236,1
0.6131222957228994,0.3175667334214347,-1
0.38455312903570493,0.6983913031306386,1
-0.5006639822816281,-0.021150072713719048,1
0.41115034503137693,0.8504966348313316,1
-0.6388493097453329,0.13589046110525893,1
0.39484053449367984,-0.40530198525489847,-1
0.8885329782268678,-0.051571566685072456,-1
0.7240853019786269,0.6890987970701408,1
-0.36179905351348873,0.6578309483013547,1
-0.9259847305690148,0.19253975696410608,1
-0.5399823254245939,-0.7588662284454424,-1
-0.8460935967415817,0.3925775517562795,1
-0.3202500724638677,0.4495335430575229,1
-0.8692873184021153,-0.36941932433877933,-1
0.07898258475067443,0.5814463296779271,-1
-0.36249499413586017,0.2517827528740182,1
0.7719554964723743,0.23172637636460913,-1
0.7494033453683988,0.05787426805442397,-1
0.5343765778622538,-0.19613817278151569,-1
-0.04024875939218231,0.25501092643674017,1
0.5365468277290364,-0.16446643566533248,-1
-0.15728599544585964,0.475164603177783,1
-0.5224457084633953,-0.7790517737372107,-1
-0.2907556847184469,-0.42552201669183654,-1
-0.4073837590880198,-0.5327844979001801,-1
0.9754447794720631,-0.1444537325282753,-1
-0.23134670568063664,0.3592945653861397,1
-0.16483844843014328,0.7582366151243294,1
0.8894640445828206,-0.06519697750026054,-1
0.2268227784214154,-0.6659321078158495,-1
0.8854635482702513,0.2992932979847369,1
0.21547358975771824,0.02537702203301717,-1
-0.5386603765644826,-0.6469439359889835,-1
-0.5590275818596493,-0.627123475711491,-1
0.5591689471335066,-0.2997494816665398,-1
-0.2075159621946825,0.5164769514081826,1
0.39204123610758446,-0.6922081873202899,-1
0.6316662499812356,-0.5511188563266787,-1
-0.5523647703547538,0.07394884578682714,1
0.1858798696834063,0.16017241567562235,-1
-0.46879991482258787,-0.7409701574343917,-1
0.7242552345309012,0.6190321494497562,1
0.31048396127804345,0.10171474121827861,-1
-0.8260264801771797,-0.1830935738586026,1
-0.25462296597537204,-0.4804924324793476,-1
0.4468402273771699,-0.008248529842458385,-1
0.36651752731919185,-0.8477382810193996,-1
0.7024138280975374,-0.00970694597205135,-1
-0.038826845346704,0.1848155693190352,1
0.6493619318502983,-0.3043815841956139,-1
0.3560323051181271,0.13146392799158213,-1
-0.46594345966115736,0.757259972710316,1
0.5948520432138562,0.316903669316851,-1
0.4167259534300696,0.6740266567273441,1
0.3949429233385673,0.3602815435206008,-1
0.2372227564303686,0.5054332791152825,1
0.6516335011295253,-0.7422602650531096,-1
-0.3297622914817162,0.48701651258321554,1
-0.6784802079033836,0.6359340482381244,1
0.6642683559154838,0.014935467521672408,-1
0.2338538367514844,0.962372356054847,1
0.26362705403333675,-0.4803928378716804,-1
0.2680114061992227,0.07997075943171095,-1
0.5596907903022872,-0.7860387223460832,-1
0.522055805004056,0.08253315735222055,-1
0.9259840077179893,-0.3162556679226278,-1
0.26524378626789624,0.8640562110200349,1
0.3757714446016267,-0.8643258817896562,-1
-0.3980728661063675,0.41634417729056317,1
-0.8652987970624566,0.16434092035254655,1
-0.30823388609408653,0.24183103553495422,1
0.4993036634858494,-0.7398275197387361,-1
-0.0227136191906685,0.5408148356155864,-1
0.3665907532130104,-0.10819458724650333,-1
-0.1476373955280541,-0.09722595134064904,1
-0.6727523576166616,0.5896190974998587,1
0.3873644515629773,-0.5584607744224792,-1
-0.8352379087683146,0.3609986041494262,1
0.30902242856227047,-0.45348094600358135,-1
-0.13533039791479617,0.8872318403351978,1
-0.1605453661477554,0.2770518953281711,1
-0.20481120407441145,-0.45156959530265994,-1
0.9679552959196565,-0.18133198736991396,-1
0.7881984073582688,-0.5400907882178276,-1
0.3033336507517701,-0.2629473125524777,-1
0.7287164996792741,-0.05358018661688568,-1
0.7372463359112216,0.5531937055834835,1
0.541843689288104,0.6895664562337753,1
0.5220479818859978,0.2524406432628308,-1
0.8416956956313737,0.23330062904147608,-1
0.5930745819523526,-0.036955296974899854,-1
0.37113057445794273,-0.1393882102010746,-1
-0.5989505465993266,-0.016810906517126245,1
-0.8715821258497318,0.16394280382879756,1
-0.46201319112980466,0.5951182012743763,1
-0.37927608215285247,-0.08955970183639761,1
-0.21501288718663036,-0.040122330565752984,1
0.20004109623860744,-0.41667484258139353,-1
0.3899637722530851,0.7202447943784092,1
-0.038986105484342115,-0.7901396431636503,-1
-0.7150089141969735,-0.002223693097287871,1
0.2363114686362382,0.4049299410882079,1
0.1192973669738282,-0.9804583051616327,-1
-0.3470773835120162,0.03542328676942286,1
-0.8242670017103333,-0.2987461375816385,-1
-0.20615344759680787,-0.7345684919138793,-1
0.1350816965231163,0.3789299382745315,1
0.6011733982181657,-0.5996995115103798,-1
0.2728604990872734,0.4129514529738023,1
-0.8960574326970552,0.08259267060214093,1
0.41812103890183283,0.7419382474921712,1
0.4281738642648556,0.6034561661395836,1
-0.3210996149143879,0.6296502274930245,1
0.09518475230747248,0.6345955399249874,1
-0.09536343096339972,0.28715539039304994,1
0.05280532187222642,0.46317904351066375,-1
-0.5057935319797071,-0.6809106397736233,-1
0.7435671331844034,-0.5615720252839114,-1
-0.6357641686226014,0.5793970142849583,1
0.3174155510017522,-0.003608567093722037,-1
0.11072710187526247,0.4384035565445277,-1
0.9495863242935663,0.30065137269387376,1
-0.6009150981417097,0.36045648486258264,1
-0.48463422297757264,-0.07475408652136739,1
0.736545010816761,0.45433813953261604,1
0.4854130423999621,-0.1490133311038493,-1
-0.30813001490607417,-0.2579224740307946,1
0.7340629922448971,0.15735081714478683,-1
-0.12276916162081908,0.450515320830273,-1
-0.0266621171505943,0.7468464761633211,1
0.801403728022517,-0.15655814625308917,-1
-0.44634440552989685,0.18470065718672446,1
0.24593316712696556,0.2631204401850411,-1
0.46622604483056196,-0.7368646297454804,-1
0.4316499293641771,0.818065041331282,1
-0.6406337822595161,-0.5249133501522447,-1
0.7087701867391583,-0.01544428710393042,-1
-0.5055378511936459,0.7414998025450228,1
-0.10938948999466902,0.029634707859380383,1
-0.2815332612004686,0.18590170286985486,1
-0.6729522548299545,-0.21783692669647858,1
0.3134733290825844,-0.34961987155061025,-1
0.5469462513732013,-0.7382526785633003,-1
0.9396420901570894,-0.0924209172327215,-1
-0.6604841898249185,0.039547897112035324,1
-0.3259936471374274,0.6577667317652189,1
-0.13822495267638812,-0.5025714548247402,1
0.2342899732080601,0.4135544337708916,1
-0.6659161841981003,-0.6647615674233647,-1
0.32760905524361017,-0.05073824850037223,-1
0.6883408979383943,0.6113403059001064,1
0.1707087287935043,0.7365425610265173,1
-0.5883175799264635,-0.7761607612045442,-1
-0.46050077696602076,-0.8858262878213703,-1
0.06233905600206402,0.873211384589923,1
-0.09560194343312944,0.8677500350558098,1
-0.367687790046499,0.014469617376784871,1
0.2782398756310007,0.7358365890400442,1
-0.0905202887322818,0.031192057158500486,1
-0.022306839486159635,0.3337285150922087,1
-0.38414011681761817,0.4093615254732934,1
-0.5962930957541033,0.3468648666498346,1
0.34520423645025256,-0.1124995613908577,-1
0.7362845087550107,-0.6457004211052282,-1
0.38525190445232904,0.6762305792962204,1
0.8892284389480465,0.36649605657929163,1
-0.005650471983145389,0.2356944804024277,1
0.7378099689574364,0.14121949327765937,-1
0.37905350206312227,0.353026771554493,-1
-0.5686496952045657,0.3177709404653144,1
-0.21227118869168304,0.30246595408298416,1
-0.7868139393840186,0.31569060920607206,1
0.9543483684426346,-0.18618407855425878,-1
0.7415069006745183,0.5647709681165469,1
0.1340325219733356,0.476898418502653,-1
0.7570311226026958,-0.19171935669793405,-1
-0.3459336768735226,0.33518677112716944,1
0.6156918838825172,0.5245702695532315,1
0.595627297717269,-0.128833370374134,-1
0.6356684323500432,-0.7595818892587831,-1
0.08897819592169909,-0.9884826790037569,-1
-0.3508283401994594,-0.26707693025720425,1
-0.20765461678148922,0.39093441337972434,1
-0.22288379745930853,-0.1026127547549387,1
-0.5249117382513451,-0.25349641674131984,1
0.2068971867627558,0.3364255971100325,1
0.238980692019229,-0.0730119123988553,-1
-0.24042843964154037,0.7266672991436505,1
0.03816357027243611,-0.041636244740538064,-1
-0.23960876242828588,-0.20235443820619903,1
0.16034473845466457,0.06720509345375691,-1
0.21581018558688925,0.5297665230842565,1
0.625971477432187,0.4362461524529888,-1
0.294949428309206,0.7960610978999738,1
-0.5130354068474015,0.8540690895926133,1
-0.2967546255207312,-0.797158343101567,-1
-0.02825648162734873,-0.4864468645589841,1
-0.43025419607615434,-0.38542007014742685,1
0.6060517956653269,0.07832255335050897,-1
-0.3773846016879927,0.22066756662183673,1
0.4323013484463871,-0.45475199853293247,-1
-0.17290179694929697,-0.7562278133261049,-1
-0.6377013009306394,0.3622357079299656,1
-0.6371233046087461,0.05032676733412034,1
0.41809252344486536,-0.7862461538105123,-1
0.1346244392578071,-0.4868744325972725,1
0.9258537504751596,-0.03290870656015055,-1
0.6119850995503162,0.10045308431252353,-1
-0.9131749342903617,0.2663027511880447,1
0.902806684413314,0.20322364029266238,1
0.6383777188535804,0.7684129266968156,1
-0.543840456102135,-0.5759103201835467,-1
0.22196197770198345,-0.17794306038659058,-1
-0.2931572413945638,-0.5262588820510359,-1
0.5610510304877236,-0.4503879289037278,-1
0.6452286370273568,-0.15252349270247434,-1
0.3350997985829409,-0.8089293723306636,-1
0.24771864935314603,-0.09646464252554177,-1
0.1732169263509482,-0.6639715845102732,-1
0.47374748988836424,0.7255941550864571,1
-0.5665203998184487,-0.8085708889596765,-1
-0.9527228279073272,0.283943000886532,1
0.21418807217756153,0.09339482542814004,-1
-0.5361058077680492,-0.21818800818897066,1
0.1889526703723461,-0.00646628228166124,-1
0.3902891080951876,-0.19136246379141575,-1
-0.14360077014877048,0.43519553131635247,1
0.4486776342574823,0.1567738340128182,-1
-0.45167866688038827,-0.8411612620220268,-1
-0.6162653505625142,-0.3532568757689585,1
-0.546687195546024,-0.2900073883361254,1
-0.8611523145078133,0.03811958181654074,1
-0.532575836179134,0.08002382920902118,1
0.7601581751229165,0.30175473809438835,-1
0.0659155731026706,-0.3513324937692488,-1
-0.33399617388360414,0.33897391039638025,1
0.1155668347400498,0.4613010204784922,-1
-0.0695887754325637,-0.8797153147984296,-1
0.12459363175581961,0.9152505690107604,1
-0.6493941152846807,0.3800097816413315,1
-0.598132622681887,0.07165536894616253,1
-0.8066471007065608,-0.09925812748362972,1
0.5123266577904921,-0.30485695152203585,-1
0.32982344897443605,0.5908999215794584,1
-0.20136816838138372,-0.6951679733391651,-1
0.07991426056111917,0.6840665887528425,1
0.041915954544084366,0.24717137600551942,1
-0.8217511357679668,0.5105408409936159,1
-0.7445730327295303,0.6521352605050568,1
0.5640561753407718,0.4174893954859529,-1
-0.47377486017831427,-0.2797271850569618,1
0.10760448142475254,-0.3889513786839529,-1
-0.20603696585143316,-0.10559491899032869,1
0.2011886667212346,0.031358855392995544,-1
0.8387839464288347,-0.006073034188339488,-1
-0.7672672042290478,0.6348994169823832,1
-0.23875341304683984,0.755948640890139,1
0.7361133802149007,0.6118508002352423,1
0.5800608726141228,-0.39064172180391843,-1
-0.8381614338974956,-0.1940396424696771,1
-0.6529509700269827,0.3899021778049234,1
-0.30780054692442893,0.9512204017198298,1
0.28194415469066403,0.6449611272687219,1
0.8455143810267887,-0.025876162362128197,-1
0.21250587550195488,0.5296196018059909,1
-0.6503227454791749,0.005132152926884848,1
-0.2026739444553738,-0.7072520156755018,-1
-0.2649311554169371,-0.8636553812290129,-1
0.9262302231783477,0.09905907179003393,-1
0.9316443223064399,-0.13500424333973604,-1
-0.37636773382948085,0.012283725680488189,1
-0.12097662273417975,-0.7886706314765122,-1
0.28165262938041247,-0.5679236349808008,-1
0.23917590979565917,0.30040218479630676,-1
0.5615231721368796,-0.08039915246135965,-1
-0.8844388780072667,0.39007045771710636,1
-0.3934497048648089,-0.7979083779787066,-1
0.3843226833882638,-0.8754164037398746,-1
0.01884425629957942,0.9933937077059536,1
0.6279405390120376,0.23043887646202177,-1
-0.38749275842677666,0.24779167258327695,1
0.05408292782330326,-0.14783323221925704,-1
-0.10043070235735496,-0.6107549763584699,1
-0.26448129824542077,-0.17174049494214594,1
0.6550757911337486,0.4672287611228041,1
-0.16769200364047698,-0.03731169672935275,1
0.52057964624427,-0.7257805885420019,-1
0.0706202629051833,-0.569596255965525,1
0.9191532886420668,-0.024291912147275108,-1
-0.780527602644993,0.09591897794738591,1
-0.09124533088007825,0.6887141654792319,1
-0.8038348384315108,-0.023517725956443636,1
-0.6999026706120315,-0.35064814621988005,1
0.4747141547755993,-0.04796374126246694,-1
-0.24822342970846134,-0.21104744285992938,1
-0.08110646318802672,0.5700330876741138,-1
0.5738067725105902,-0.36918620850397454,-1
0.3762694121730843,-0.12479375188921615,-1
-0.49065875590789765,0.6817431588518452,1
-0.07704507075053169,0.27440295361656086,1
0.3187078444115654,0.7902354814130728,1
0.27333936433441464,0.22786716952012354,-1
-0.8666959188786201,0.03681604389040816,1
-0.6996619983659167,0.47486753744297117,1
0.02444384162534896,0.3604555584167066,-1
0.4326467761253645,-0.8558313280026533,-1
-0.2934971829958717,-0.40692883742468955,-1
-0.3005935405083009,0.5493070623623637,1
0.3227412221408288,-0.6296088642650641,-1
0.3206054394026763,0.5287453244434719,1
-0.4091104450451595,0.5384462956762672,1
0.24932713770852755,-0.2361207206942082,-1
-0.5886254756088898,-0.7572271636811871,-1
0.23002593607773325,0.549267561275576,1
0.28780850708226136,0.06060426649831663,-1
0.5974283833091492,-0.4143559265980705,-1
0.9599406587177013,0.2037631792726442,1
0.16484531641449296,0.4961463588590642,1
0.6235395761802751,0.3129572146630053,-1
-0.7438085072676,-0.3234649880110032,1
-0.25566595232497336,-0.135846234111608,1
-0.12119002061109563,0.22587916498905103,1
-0.7569972473981639,-0.6050590202801254,-1
0.773849800418539,0.291621625310412,-1
-0.42818642152167974,0.6318938779372345,1
0.8378530672791089,-0.49551795965327683,-1
0.5100838574925566,-0.07892100545171998,-1
0.6839971057801231,0.4569813543232264,1
0.5528948929994493,0.312323675362143,-1
-0.6451424610605863,0.09005383779387666,1
-0.7365424530908762,0.451959819970591,1
0.6355706597138902,-0.5729772673786562,-1
0.011705385903657994,0.6814060560224,1
0.4656030895325012,0.08447441098369657,-1
0.18069538091754578,0.01672109383255993,-1
-0.40490309736235885,0.13004398571803222,1
0.3777706041001814,0.7466458317216154,1
0.27258270795849615,0.522243074086316,1
-0.679856730090854,-0.07688505116042021,1
-0.8016438008255682,-0.1970113682774235,1
0.600141937398319,-0.5919287307422023,-1
0.11016989860457249,0.4661425920593496,-1
0.23197090052035807,-0.6239505307691677,-1
-0.28923086262852116,0.5675835689707944,1
0.10845302826403325,-0.9895407729141745,-1
0.4914675654624643,-0.5950388796695252,-1
0.9161469602387604,-0.26411849739583104,-1
-0.3461367673238418,-0.7022238993351106,-1
-0.38879156901957024,0.7533015236564011,1
-0.10277873809091487,0.4441418764054741,-1
0.772391560930149,0.1860886683735683,-1
-0.21694860364434132,-0.1747563183027525,1
0.23917867491968137,-0.2890139791172852,-1
0.176404533896781,-0.03805422022775251,-1
0.2846510518104548,-0.8702928110340633,-1
0.15996757485626256,0.12296917591904744,-1
0.12132018883234186,0.20697533319290962,1
0.35293587445272445,0.6099779993615395,1
-0.4603585597435713,0.6500988203601241,1
-0.0034886354730927494,-0.8458834417313377,-1
-0.8828981415120416,-0.3315233626078784,-1
0.5697939542229351,0.4153618694818315,-1
0.5772299293448129,0.03453811288321873,-1
-0.11960200408901889,-0.7050949465874321,-1
-0.3436144927813769,-0.13196126765224947,1
-0.8227991406407655,-0.5587760945775775,-1
0.19645058812747762,0.4713262284783797,1
0.28513039907038307,-0.157503893411856,-1
0.27235472941646544,0.571303236160464,1
-0.7633276181532254,-0.1801902206074235,1
0.6796045712712344,-0.23233409613391198,-1
0.14374454245437307,0.17553872172439644,-1
-0.6310474937327213,-0.27552911669542324,1
-0.4538583800543752,0.03615753247763087,1
-0.4025488528224539,0.881358490230681,1
-0.4814064822684525,-0.14068637452212984,1
-0.6277971643074454,0.6052866195914208,1
-0.0836262265242147,-0.03406225582928957,1
0.4558786139475304,-0.0070776952894004985,-1
-0.1262985947696409,0.45901645730479346,-1
0.5310257979822195,-0.6821836646612929,-1
0.22045029895528256,-0.7292918354446289,-1
0.5027501720580914,0.31391031253427903,-1
-0.8858905576974914,-0.4356258506135997,-1
-0.47658863252818806,-0.5060424018560004,-1
0.8125091610420734,-0.5009076003009878,-1
-0.456100547742738,0.5187965248359274,1
-0.10052031509892001,0.5534211139103624,-1
-0.8692676848712295,-0.024857612653231387,1
0.06484136455043421,-0.1778087947985869,-1
-0.30531334748231465,0.7996666913745449,1
0.9267888684271008,0.12033636692368388,1
-0.1624133618516772,-0.4796844180758977,-1
-0.4869398751115044,0.30834920294814894,1
-0.6038047344805197,0.1306605091432198,1
-0.0721350266233276,0.9440106592630741,1
0.21705454539293312,-0.30098725582636243,-1
-0.5493661400975298,-0.498066677319404,-1
0.7012321156822756,0.12244557656504984,-1
0.04678182274873288,-0.7704622562615651,-1
0.7202793866988699,0.44562860641696744,1
-0.8646632761999968,0.41567019445953735,1
0.08707643468529214,-0.8365493085064435,-1
-0.08339871694268708,-0.030607425739906047,1
0.6999507429613239,0.33804467465821664,-1
-0.0754088779987856,-0.17646891683098298,-1
0.30194693430190833,0.09086373881381093,-1
-0.8754537882362288,0.025005297540663385,1
0.612807234465679,-0.08152024480608389,-1
-0.5972724357280512,-0.48275833022392245,-1
-0.6705872931354082,-0.3395698702570049,1
0.5135030113772701,0.03877171900787468,-1
-0.5902374516985749,0.7556601563040817,1
-0.5224075772369214,-0.0975213116380238,1
-0.07213724637533447,0.8184404117231203,1
0.07740359590542845,-0.0043749839314195516,-1
-0.7890526000867388,0.3135602094485881,1
0.644206321200451,-0.23915998498487534,-1
-0.5924670817446218,0.04665926238948259,1
-0.4257240838308489,0.5857088380676787,1
0.155186731762315,0.2691648351006075,1
0.5958283192317881,-0.20805905467509023,-1
0.8301801368140864,0.06605773449227992,-1
-0.684090354329304,0.3917982363376049,1
0.5865227008765088,-0.36647664586494666,-1
-0.7185769439024832,-0.5959686631950201,-1
0.3085851046499237,-0.6957914335554543,-1
-0.11935316326330203,0.23059605013960405,1
0.6072070708830704,0.01041354715327647,-1
0.9342532305183409,-0.1644780414498006,-1
0.2693425465078829,-0.66809020940843,-1
0.763855516609288,-0.1450206241587697,-1
0.11951136727676515,0.05479924424535265,-1
0.4387072447383171,0.7805161060356043,1
-0.841186830713941,0.4629929806807247,1
-0.6251761118048356,0.7163541063143279,1
0.6381270277233122,0.08158750997108877,-1
0.42048559724662304,-0.3712997736325032,-1
-0.057664202134370734,0.6432737954209433,1
-0.0814696056535722,-0.2844034693491164,-1
-0.011575105499400218,0.6564985048744367,1
-0.32958390525825454,-0.6524768137285124,-1
0.4240280406615615,0.6519564254161636,1
-0.7987250429529333,-0.5202517744881106,-1
-0.7160560204780122,-0.30411717683566675,1
-0.0992980421891747,0.49765267392661294,-1
0.30229516976334825,0.24185713495686234,-1
-0.2952501067806912,0.6828951061695199,1
-0.05742566520367087,0.958209876030309,1
0.2682842765914737,-0.7474705168709945,-1
0.352355124150868,-0.34979196913660204,-1
0.37265439337219486,-0.8607177036751885,-1
-0.6502371256480812,0.7114745178115727,1
-0.5456408859529702,0.6740822504858801,1
-0.44144782309117914,0.2857638201174153,1
0.388301147019662,0.025309506290105865,-1
-0.3893786466065374,-0.5747112472578078,-1
0.306325581062566,0.8766096368969654,1
0.742408964526104,0.5321295530706052,1
0.5768946865065974,0.3299698069519905,-1
-0.479426284867994,0.8143900614116597,1
0.3414646238116681,0.1208812619608799,-1
-0.7780210615730379,-0.10588891238714915,1
-0.07928345759614741,0.72912721904534,1
0.09329644037557694,-0.2391989020591807,-1
-0.15490314337611077,-0.9159506496571894,-1
0.4798082415338607,0.8361531043983013,1
-0.43992534089902113,0.7166833535982418,1
-0.41556353907620447,0.8215403232878304,1
0.5079238071935679,0.6098135536828773,1
0.4533419841406465,-0.39049780922773336,-1
0.6587893297176939,-0.4369576031701401,-1
0.4073719549215915,0.08139695328982066,-1
-0.8069310596091184,-0.516212343482322,-1
-0.9751919274453704,-0.06246406907098834,-1
-0.39746947847999925,0.19671496859551763,1
-0.40552438458276563,-0.4001617769860306,1
0.33560936645281303,0.1864431402147686,-1
-0.8420616756183428,-0.5209796601809238,-1
0.7113921876750788,0.04289137808717891,-1
0.1979570163544211,-0.7701340058808663,-1
0.3384005258761569,0.6585735986335111,1
0.7579578005645347,0.14354470409664444,-1
0.03489270351008256,-0.13914517935801962,-1
-0.36610682441776143,-0.13080807828257646,1
0.5477593114603128,0.20384686203026314,-1
0.7850465799096922,-0.11323997124162455,-1
0.21417915743750804,0.26261510618397743,-1
0.18339432461265104,0.40526754617103267,1
-0.5251330632503874,0.02472755509158131,1
-0.7915503943833047,-0.2309773447103749,1
-0.02466586275747118,0.30444851909094495,1
0.901062105172407,0.20130213309671174,1
0.4871878323531196,0.012532118990405516,-1
0.2682080627526626,-0.8581355677324531,-1
-0.491216838316306,-0.2762938135897226,1
-0.05501328998697286,-0.9087025089952325,-1
-0.7199518048933646,-0.44637138441738844,-1
-0.035917883775834936,-0.6078045745232141,1
0.22156014215153652,-0.4386335689680514,-1
-0.5860148431231464,0.03314525689195813,1
-0.7839484917386172,-0.3222787013224968,-1
0.6051713591596257,0.14409728673860167,-1
0.025335451912832818,-0.4130223535837567,1
0.8635074388656327,-0.20596991752561666,-1
-0.825814466408457,0.23413303223560256,1
-0.7723232130467972,-0.30955371439661583,1
0.01482387743561775,0.7484450493703516,1
-0.012906839319762664,0.4045175320633285,-1
-0.45053694896096097,-0.2108478488047072,1
-0.15634364292233727,-0.17795784946890847,1
0.8152220051131098,0.4280652889337129,1
0.2158104281814075,-0.3812545642744358,-1
0.27280274036681407,-0.8977292371157986,-1
0.2075909058987755,0.37317982698521357,1
-0.7710247238681898,-0.23232223391004103,1
-0.08752698208891596,-0.2618939564781668,-1
-0.7579499990296139,-0.16210441962504918,1
0.5023560956168363,-0.8579846709334891,-1
-0.8396399718361931,-0.29045741632803157,-1
0.8834514232378501,0.3371452934458281,1
0.3573399133451296,-0.27616001832427006,-1
0.18732158241707686,-0.9797376319445132,-1
0.2721920928190844,0.8265738951524735,1
0.22514693668963837,0.7473971869326901,1
0.4479461109321876,-0.7588831671926195,-1
0.06793494509552755,-0.7157257524130847,-1
-0.9765867785381919,-0.155931479744722,-1
-0.4099185846916875,-0.027999012404793966,1
0.1543997734691016,-0.9125218553821053,-1
-0.7539934097525087,0.1172847929008507,1
-0.31366529365468354,0.458346975098896,1
0.30458329718387933,0.6912087259798136,1
0.3849856533384506,-0.14013784521970374,-1
0.3459332447888648,-0.44923765148916295,-1
-0.38737300244357464,0.5779703198415866,1
-0.10716096719683565,0.596760681036705,-1
0.6448447473365568,0.7151246753225675,1
0.8332704716824146,-0.13802955897340752,-1
-0.36226636335772233,0.16439749318822772,1
-0.25765515312474485,0.2021483336004659,1
0.4111717252876492,0.37681003698427373,-1
-0.2508942259597573,-0.6662795966024944,-1
-0.13894132307558493,-0.7148117118361825,-1
0.7801940703676167,-0.3082450785242852,-1
0.2916447725729685,0.2738046349094865,-1
-0.31879166683741667,-0.856576222304698,-1
-0.18074221020953596,-0.37756500987321284,-1
0.3542412794700187,0.2115584989053807,-1
-0.27081254360492,-0.5642148914900198,-1
0.9760719323111837,-0.09199675760777026,-1
0.3765484715604741,-0.7188940648432784,-1
-0.0288206006812044,-0.944926560261069,-1
0.010910235820899894,0.9280348142354047,1
-0.23158657402839955,-0.9220079748501768,-1
-0.9380884181613129,-0.22402648010626103,-1
0.5124272279003537,-0.08295398223621864,-1
-0.42151045605469095,0.8001663660329614,1
-0.37206656524529436,0.7768073446173624,1
0.20588575295892309,0.6534147194829749,1
0.9222709708151859,-0.2210362101951593,-1
-0.22897619052615537,-0.3192257914909886,1
0.08281521469517039,-0.6917099136430258,-1
0.10742297071602236,0.08340962482000802,-1
0.52380362520974,0.6672999238751711,1
-0.11911729937515192,-0.3953335012970125,-1
-0.48133020536581106,-0.6107523265902561,-1
-0.8847048356019502,-0.3151040423305733,-1
0.11541765250008784,-0.3054459219389849,-1
0.16093520198739197,-0.721606597308609,-1
-0.11191250159559418,0.25246864284212767,1
-0.022204336415097226,-0.1964423986913515,-1
0.24681191631888022,0.13875472236456554,-1
0.2413209596491681,-0.5973757843551335,-1
-0.20972451347136278,-0.9210809342182014,-1
-0.048907925026346666,0.08604916791532635,1
0.818909221874484,0.4442864709118117,1
0.06677325753072516,0.7399383192953699,1
-0.7386953123530742,0.58101958854977,1
-0.7503583720663034,0.5884213250988108,1
-0.4484648634972861,0.7541811620363779,1
-0.07464878986921297,0.9619747563253702,1
-0.03318512805370677,0.7270950450290903,1
0.1774630442626397,-0.24934018416079629,-1
-0.4284328889482596,-0.5935538178278255,-1
0.5235963827553944,-0.22691898635394425,-1
0.022550924401502304,-0.015349039997636149,-1
0.15455805846626247,0.7311542912491045,1
0.9614786871668588,-0.18483158285236612,-1
0.6550378442126061,0.5290555893094353,1
0.1470579029111465,0.9120942872238662,1
-0.5990509689431944,-0.7814715793807572,-1
0.7079239339108443,-0.1217003667325034,-1
-0.10336188926115564,0.02086497800846443,1
0.25318502218642047,0.8527652134601735,1
-0.9617678111404719,-0.0463130633643658,1
0.37544408486112135,0.4454139153964569,-1
0.38506486307421595,-0.7311297411837563,-1
-0.40120882325663754,-0.2825689491659731,1
0.60887441535901,-0.44248025517089395,-1
0.35364259771479123,0.6569385988982341,1
0.4757390371230601,0.6682891940013516,1
0.48095226390703827,-0.7142994253983228,-1
0.5068558445139382,0.537845564215282,1
0.3170810313401098,0.5322318655911724,1
0.6918428793554643,0.22720822847491684,-1
-0.8227905720606419,-0.02474438066557827,1
-0.8447013306567899,-0.18491393793513833,1
-0.18578702174874473,-0.8679803117195168,-1
-0.30235893206104136,-0.7780038024173703,-1
0.045153198673490325,-0.4008686440922522,1
-0.846275849447673,0.0012485361408356432,1
0.5890310889814974,0.4141729545333963,-1
-0.19425343473472578,-0.40941901190411345,-1
-0.5352313538879043,-0.4379910021825728,1
-0.18979461094486716,0.8122220042649941,1
-0.3570085975042361,-0.047126027312416774,1
-0.5479420043680006,0.28095208435168795,1
0.9579622303496178,0.20698619208675728,1
-0.28437183177290226,0.29563489198105675,1
0.006167901559672728,-0.10130051592071587,-1
0.17172957690703838,0.2495677255788049,-1
-0.8564483875469739,0.3652344424468048,1
-0.5161366393689408,0.4279052650131796,1
0.6450695887683935,0.6079170151050406,1
0.10500193481577824,0.04033978462150234,-1
-0.7142480773211766,0.5506923008062712,1
-0.45718123910657127,-0.006609154364106917,1
-0.4314518141449666,-0.7323432740006137,-1
0.25911539378347315,-0.8913359303541923,-1
0.4972904682524,-0.3648264094777667,-1
-0.9997306139910294,0.022258278474459603,1
0.41395297491143235,-0.8746207567562683,-1
-0.5063522615961955,0.4818081123041429,1
-0.36745970054138644,-0.7962152238679729,-1
-0.27953216239914425,-0.45921342723094893,-1
0.6854238043211098,-0.37330416482971374,-1
0.5778649435520145,0.7837442896214695,1
-0.13236516084694094,0.819886287708784,1
-0.2453638920736143,0.9281568329802163,1
-0.8214209509488541,0.3740385330064855,1
-0.012371919086142658,-0.22470238908870588,-1
0.2654237574972018,0.4077141832686624,1
0.4260921012686374,0.33277082715641293,-1
0.9015454154626761,0.4050810030696139,1
-0.4038955827211137,-0.789270155498287,-1
0.5636477266898712,0.2882984429518318,-1
-0.9036279752134075,-0.27989906819804333,-1
0.9135996309685723,0.0008022914204024456,-1
-0.13454172796059072,-0.08460078968141205,1
-0.5822345519896726,-0.2625856582704096,1
-0.26037348802564675,-0.8952899596250552,-1
0.5351352570358365,-0.16699113619224204,-1
0.6443597736328466,0.7006960022397908,1
-0.5760118906026839,0.31470696434025713,1
-0.05543639167403658,0.7603134758429702,1
-0.5685186416470918,0.35562640062008843,1
0.21550424450544514,-0.40939704485633444,-1
-0.7267981926976548,0.30327952095455313,1
0.4771949162646614,-0.3687453124733,-1
0.2896652080446276,-0.20973818477699346,-1
0.42641376656523544,-0.6015694502118938,-1
0.7804300052723487,-0.42518080706884054,-1
-0.2644280244876942,-0.8838160958393004,-1
-0.7769755753574472,0.03172380542465625,1
-0.464814646544057,0.6709604514843888,1
-0.7512632019989796,-0.17271465016272947,1
-0.01427083110510674,-0.1914205054902618,-1
0.061875356824187655,0.19026334981136306,1
-0.9801523577443287,-0.07180968109299224,-1
0.9269984817751766,0.038064560259097435,-1
0.35508453491790637,-0.3762722841662336,-1
0.5479827563055251,0.5458429637522302,1
0.0425920953082779,0.9520276465584272,1
0.540316423514192,0.6143110747297651,1
-0.7595855417588475,-0.46883433408278785,-1
0.546283747837343,0.03592105542515789,-1
-0.3038088136634238,-0.2565214101873394,1
0.292917483275861,0.9483888876327142,1
0.7971212093496787,0.5663968265972519,1
0.5607522471419608,-0.08400848199285704,-1
-0.20398941409099436,-0.39416854233361476,-1
-0.5067927300439508,-0.03184586057959682,1
0.49488881319338796,-0.05238034320410678,-1
0.9826558031284411,0.08896466560052585,1
-0.2686385034772574,-0.5492374639864683,-1
-0.6083338317314599,-0.7183941022146478,-1
0.2448272831319933,0.5626437114946101,1
0.1565967988407213,-0.7060745808235807,-1
0.6222475398669418,0.27190941432745697,-1
-0.22366858774600895,0.3482605910721259,1
-0.4801900415143343,-0.309615583011579,1
0.8349716862639804,-0.4189909886571592,-1
-0.06002346368412681,0.7802822747920293,1
0.41544270053505494,-0.8755935476705945,-1
0.2618435804583268,-0.10465314917916335,-1
0.059319447891239774,-0.5162134117742216,1
0.001207142309415099,0.3592406654702156,-1
-0.847521564052871,-0.45059236990421603,-1
0.6139309817679872,-0.08067025919467752,-1
0.09315428406458981,-0.1343679955810615,-1
-0.1089167225162182,-0.5816290691841444,1
0.707569843409334,-0.5160457393659093,-1
0.13907955913420733,-0.48091643364781933,1
-0.12600822866875827,0.18712187075757192,1
-0.85383687594597,0.2446865292344922,1
0.04291927744294388,0.9546158159830074,1
0.5146204142688777,-0.6766571275260762,-1
-0.04619978706406003,0.43666235074400794,-1
-0.5053193683618333,0.2812303670977747,1
0.33320095809323846,-0.6746005123828682,-1
0.13017062490551257,0.5432538219572154,-1
-0.002208670928116163,-0.9757937664477851,-1
0.2687273777433743,-0.5558482586133588,-1
-0.35666002068090275,0.696084179202968,1
0.45772288453989374,-0.8092014453735787,-1
-0.14259595802713276,-0.9416604727094711,-1
-0.03821970679398201,0.32486802340213616,1
-0.7629947528036969,-0.42223012218166867,-1
-0.20432674899568615,0.8390620493120995,1
0.5220158469907841,-0.25655186719531353,-1
-0.21508362754103993,0.5085299466940454,1
0.15424517207664157,-0.2857576813989944,-1
0.5750981717175585,-0.4979972334753995,-1
0.12814805766703552,-0.2828430769502537,-1
0.3132621474157522,-0.5192021742129862,-1
-0.7963926341009262,0.011915815469863311,1
0.7335407090120005,-0.4350425120459467,-1
0.9009183411505914,0.1632445859783871,1
-0.12677162046246782,0.1601776693389092,1
0.03339677045253553,0.5175525075146503,-1
-0.4350078680542955,-0.29389921679939524,1
0.785116454972949,-0.16110401208537284,-1
0.5607310060137634,-0.04732853339780241,-1
-0.004920295707795619,-0.5906397818854321,1
0.1822606065170329,-0.6277282044933041,-1
-0.33687060186561246,0.7100604032398703,1
0.013840875923669227,-0.18117585636596334,-1
0.6217571620158369,0.671651855821032,1
-0.3356179337687908,0.38723611494759047,1
0.5422456317037732,0.309301373731909,-1
0.0781891054720174,-0.4350551472599926,1
-0.14954362912461217,-0.9248578192021852,-1
-0.7442663975551649,0.5310935010317217,1
0.045020362171176886,-0.8907311599980554,-1
-0.39160256072743826,-0.39211497548994534,1
-0.5514130334299099,0.32609438360684484,1
0.4837926539174302,0.6968507581810495,1
-0.15474160597278175,-0.3941381887191415,-1
-0.34940973195393776,0.42524266619702566,1
0.6335589330112721,-0.6367720644867947,-1
-0.2581179836844696,0.8038803934983001,1
0.5084965193641615,-0.21360959794415546,-1
0.18127566798927552,0.3220285084946406,1
-0.8430883673657521,0.08899391820773017,1
0.41864165694521915,-0.6653573919978792,-1
0.5612634348511143,0.16754556102822327,-1
-0.46934772488906606,0.20310775859964814,1
-0.4068801755881386,0.4288483281424844,1
0.518010565043862,-0.7949680718670511,-1
0.02770892841353545,0.017781111182111786,-1
-0.26143845956891787,0.8658497251393442,1
0.6550126397464424,0.39441876381927354,-1
0.4286532714699951,-0.07656771237376181,-1
0.8419890421931517,0.38919085450657076,1
0.4579621233116329,0.7233818075746905,1
-0.451856821315618,0.614141807733406,1
-0.6095187940870159,-0.3093160955102243,1
0.7130744474958537,0.40233972318051947,1
0.45411352323078025,0.12414558880514215,-1
0.8941813342170382,-0.007482494235276915,-1
-0.23896458026021095,-0.673929326136818,-1
0.572411304522116,0.4688878641511829,-1
-0.23128992295173023,-0.9496131720815413,-1
-0.12467734370359307,-0.5300531900080945,1
0.4097420200867634,0.6342562840311703,1
0.09286063215569462,0.9340705505122924,1
-0.8966625566840778,0.009591196609056274,1
0.43690789464510016,0.7252809422983579,1
-0.6414887761844199,0.6000069635273628,1
0.10541415143709054,-0.20689263602007357,-1
-0.6854535836405693,-0.3804242815818015,1
-0.41990893607512625,0.7428280683817086,1
0.345405988417796,0.5933627943827446,1
-0.49906420241500205,0.24974819921399782,1
0.14349196628749739,0.6656607535765422,1
0.3480398381175853,-0.896328401760542,-1
0.09771733015471185,-0.4247345419126436,1
-0.3864468009557176,-0.29408299309528685,1
0.24258489809922024,-0.3319000686624616,-1
0.4653981011805608,-0.19094522885226062,-1
-0.428483350814588,-0.13446624080147473,1
0.37088776644380306,-0.33508768570257597,-1
-0.8868286877065688,-0.2521579059743728,-1
0.8888971653886069,0.2834687945971164,1
0.34295829733441385,0.2645643072752797,-1
-0.6020157220811264,-0.16333227179543974,1
0.5018795967266365,-0.7972542048936817,-1
-0.4442944478205755,-0.4473617830682928,1
-0.135962144810988,0.9607374818843701,1
-0.8649949066323561,0.03740198876119005,1
-0.7733929905450716,-0.1927979952768175,1
0.47576996966921237,0.40910885605489056,-1
-0.1545427262121355,-0.30695166409456354,-1
-0.20477524289425886,-0.47144747368272144,-1
-0.5893341225864004,-0.03392060488222004,1
-0.46293248786478536,-0.4250766702054998,1
0.3135121269491141,0.9370746633997844,1
0.20727440111875017,-0.8460410658700674,-1
-0.40541841938533274,-0.8158660278350491,-1
0.19808917430076312,0.2472975565805322,-1
0.2970096402373763,-0.4651959442849174,-1
-0.498213908617795,0.352052576105095,1
0.41325973975741914,0.22001483415897138,-1
-0.37418521157270357,-0.45780749247186847,1
0.19533656540540623,0.732191267223383,1
0.47307045666958514,0.7659876496595461,1
-0.5947347317293137,0.17517174221880372,1
0.4022791888349473,0.3602237708939453,-1
-0.18369661826660377,-0.969210216617383,-1
0.16585211360852625,-0.4937969216407825,-1
-0.09949150771421933,0.9151620301676346,1
-0.20192936471513057,0.6796032133288534,1
-0.6229187885014977,0.34492099605005766,1
-0.983360115545616,-0.1328344147347713,-1
-0.8147490338972656,0.4967686993524627,1
0.8290973276971179,-0.13195805458248233,-1
-0.4825767156891181,-0.13119336198678044,1
0.17890797896939437,0.22658336977475813,-1
0.275376493791871,-0.5159558400382456,-1
0.4281054467562535,-0.8172170273364472,-1
-0.6014593270663984,0.7549400933089638,1
-0.5032474792603996,-0.5711870340136709,-1
-0.45838734392605485,-0.5048804594402272,-1
-0.8749474085143085,-0.08211896680635933,1
0.46546694957233026,0.21346344943487283,-1
0.3457433371961596,-0.8377016429275217,-1
0.6101806369913254,0.645967610083535,1
0.8654210162655227,0.08850793222739539,-1
-0.5994359642647482,0.23356721570508232,1
0.48576298733587797,0.4758347867080508,-1
0.04289804833376021,-0.8630825613328439,-1
-0.25777412313974435,0.8415332169267147,1
0.16889781951485205,0.07666388651142686,-1
-0.46229297123561297,-0.2631021601668422,1
0.7906921783063385,0.33292609505367143,1
0.5747740535046657,-0.09130915386468974,-1
0.26049443891231583,-0.5032327825135849,-1
0.41092166056697255,-0.1447973325933254,-1
-0.11490897037050884,0.2986446491537633,1
0.6494864746940152,-0.41523377917561377,-1
-0.11216109098724436,-0.9561733424499821,-1
-0.39790784433137394,0.005262485260260963,1
-0.887647845305122,-0.017808541233669706,1
0.5288814561510087,-0.18065789324801473,-1
0.31034742904867607,-0.4795268040295413,-1
-0.6810154749172834,-0.6790747714575471,-1
0.32843876997793653,0.7633812236870161,1
0.6282513711823237,0.3702686197489682,-1
-0.7791362731777947,-0.42162510740810033,-1
-0.38038624935506204,-0.5000861072047575,-1
0.030011319419446236,0.07110762975934515,1
-0.2862280496577796,-0.29242168252712797,1
0.6571111958121627,0.5785856966393712,1
-0.3844083366385087,0.8275768877465186,1
0.9056300340050121,-0.34651491593991834,-1
-0.2911501024138903,0.011268306843917664,1
-0.7948640748328204,-0.21453851345716757,1
0.10674237949954368,0.006264945103080066,-1
-0.6122738641262147,0.7176335423363094,1
0.3538815659936747,0.6758167497036072,1
0.7175285586989444,0.4967117073314795,1
-0.12157879750056533,0.2210935100308491,1
-0.6792691877605137,0.3472908349498154,1
-0.6414934885214385,0.3878991810203136,1
-0.5408036784920627,-0.76489739969956,-1
0.4374792357070605,0.4648020981167582,-1
0.029866699826518905,-0.6772743978892326,-1
-0.5169263165966365,-0.2914573455655687,1
-0.7893090310373336,-0.5552773905036594,-1
0.03844914156041024,0.21550536619130511,1
-0.2179342617452027,-0.5315932581473317,-1
0.23260097185144812,0.11375688634419179,-1
-0.16844979295335616,-0.14211133313971147,1
0.08181000767616164,0.3928596140722145,-1
0.4042921923636589,-0.6566121845891009,-1
0.00022550415325395257,-0.17608380993179606,-1
0.7410539325387684,0.2628378424367528,-1
0.0650081328319636,-0.7692107156421653,-1
0.2112757786468229,-0.7655921886395332,-1
-0.32558684886849587,-0.7143160703713363,-1
0.3841472940487378,-0.5874957723276948,-1
-0.216281253623948,0.7913495552375573,1
-0.5913672332020594,0.015610127917558225,1
-0.16145667766795602,-0.9637519179085405,-1
-0.0514899580460928,0.12135658987789988,1
0.25685291322917414,0.37726325861575116,1
0.44688732470982395,0.07131319869515718,-1
0.6722354064144975,0.6427767258013886,1
0.6866523355757663,-0.02981068004091969,-1
-0.3327432083262687,0.58311640518274,1
-0.09741177394149014,-0.633115607193131,-1
-0.06738048771965977,-0.8486005453804251,-1
-0.22434782016613752,0.6070753189252067,1
0.8035480570924574,-0.5930545150048083,-1
-0.22119012204224942,0.08352192853512652,1
0.2966360149041911,-0.8517891548502659,-1
-0.24906214306699925,0.6076290903868935,1
0.11811856989320435,-0.357675694728093,-1
-0.5597773481904937,-0.2989589314276764,1
-0.2549334524808984,-0.862572644552078,-1
-0.26085160114645367,-0.07152296052155016,1
0.4454755044776093,0.31345896944321594,-1
-0.5646652008389279,0.323368576799713,1
-0.032021263640505726,-0.9893730486633081,-1
0.6089892848636447,0.5456191465806748,1
0.09683832598712527,-0.8670733484474558,-1
0.5330300990651693,0.1674271754627279,-1
0.5639199543159183,0.5034939847916808,1
0.6060041439156743,0.036016132809249646,-1
-0.71935096361297,0.34231494675937735,1
0.2409475701039412,0.48450637439817434,1
-0.6602379878985294,-0.6100496001994216,-1
0.780819034438657,0.4999555969041416,1
0.8164569774006458,0.5174306423278414,1
0.19431061198060373,0.30826547405574733,1
0.7782558478800199,0.15761350902388105,-1
0.2647826486567748,-0.6870465679927988,-1
-0.05215755976779457,0.43279422391619793,-1
-0.45811460336726917,-0.5954916389509302,-1
-0.3723463835511689,-0.5169987440143331,-1
-0.5701747259272083,-0.15029831426382612,1
0.8156770277670682,0.014119293477436567,-1
0.39231229027585046,-0.23440247112722434,-1
0.6436618931707185,0.31902153728154037,-1
0.592482901082737,-0.4561079211631025,-1
0.38471784492211625,-0.47187603061256245,-1
0.8781369589005832,0.2727485630667488,1
-0.3509763996493158,-0.4609762754154547,-1
-0.618146829856713,0.3892819177874556,1
-0.5625687740041454,0.1906065318549781,1
-0.4707299461492853,0.32393788958773717,1
0.6298794570810784,0.5560504862893063,1
0.5217026618615634,-0.6245551886154959,-1
-0.8232301060309626,0.3978976569747712,1
-0.2633055724112974,-0.1353075471933054,1
-0.513206633562939,0.1146743391460161,1
-0.9220413586777392,0.33369478261131613,1
-0.35394530849181227,0.7958383739153316,1
0.7762363778680716,-0.34941876327650445,-1
0.6508313282478961,0.689742695510458,1
-0.5019825277818202,0.15340479771551263,1
0.49636782409769276,0.6133301060536329,1
-0.17761696401082805,-0.7398386603421061,-1
-0.9551482216758898,-0.2791463457170278,-1
0.5674765021504729,0.13236138245014173,-1
-0.3744440215792919,0.3086840109854394,1
0.5287067728728547,0.24748616972801818,-1
0.6742392556613044,0.23905240007260664,-1
0.12679070142528026,0.24922809622906317,1
0.7288664937367282,0.1738730131178141,-1
0.16190075977635865,0.9813583141315316,1
0.513460334137136,-0.11541238909772944,-1
0.41479400006585543,-0.22153905661642304,-1
-0.542249075033002,0.19370375377551885,1
-0.31618944378901936,0.05535493244338996,1
0.6088281193549467,0.43020032256740004,-1
0.18631643807893639,-0.8933040060222046,-1
-0.09047131489467786,0.34957260433482107,1
0.3550632277673693,-0.2537547631552328,-1
0.0007188924311212208,0.3817679531016456,-1
0.39427161178361847,0.2972779135376311,-1
-0.44942357309627967,-0.6875868626267561,-1
0.27188065365342173,0.19860423227887547,-1
-0.641287979421518,0.4102782911411267,1
-0.08965601653268718,0.33552118320630586,1
0.6747341595403014,-0.6605431428461537,-1
0.21939485030523187,0.3992791392442434,1
0.6763099499772851,0.605621869649001,1
0.9218402938576493,0.07187015770423644,-1
-0.02300873468018927,-0.19622560021853985,-1
-0.6926179143115909,0.14521446576404484,1
-0.44597495134804244,0.8426150244259509,1
0.16638160855419515,0.18568036101622032,-1
-0.29015067824597995,-0.896021296044585,-1
-0.9365124692540228,-0.153329711693605,-1
-0.8308692438055243,0.21369391108027824,1
0.3180908202644648,-0.577536337054138,-1
-0.6066928300940826,0.4748521715413545,1
-0.4269609021457541,0.6052806247058593,1
0.7947317315818638,0.2452610671973161,-1
0.9467652383296423,-0.06998096494714479,-1
-0.32944189984340855,-0.8659669244975801,-1
-0.8297930277604293,-0.22880481497333327,1
-0.5412684459246553,-0.061785577904842626,1
-0.4628756650927148,-0.7980437863644778,-1
-0.6650178218117846,-0.7054488728958181,-1
0.9355229305391239,-0.12051902698418293,-1
-0.4432630366746868,0.5965863944183734,1
-0.34749216391770643,-0.4012332525893034,1
-0.5349880155843376,-0.7406420435515293,-1
-0.48707387796646806,-0.2893605030522246,1
0.3479884162914608,-0.8748703155610968,-1
-0.5789861206693141,0.6180472805833528,1
-0.7061561528324585,-0.3147097069549569,1
-0.8345263287636202,-0.03092400983997834,1
-0.3951609774429272,0.12681672896770824,1
0.6076097809669503,-0.7257030236945137,-1
0.16139816910856997,0.01101752077972784,-1
-0.7118424279736009,0.2479969710579648,1
-0.4527191642784567,-0.02433136291197502,1
-0.8354553514458762,-0.08083188557275389,1
-0.38707306391435936,0.6447624223707087,1
-0.8860425460052634,-0.16278545016334012,1
-0.083137151737124,0.45001215259823746,-1
0.148575150180422,0.3344246743883621,1
0.5540985713035123,0.7244059473163775,1
-0.372249006555059,0.0760454107278059,1
0.7790386220875263,-0.2570654747512464,-1
-0.6096669655626992,-0.021214925186822553,1
0.4832829036720845,-0.014861858493404823,-1
-0.03363827337266301,0.6764608421636011,1
-0.2771924418656273,0.7195893496232912,1
-0.1863903980965529,-0.3435337886433212,-1
-0.092020177600602,0.5248939173497369,-1
-0.7479959442720114,-0.6071615682559652,-1
0.13545463586210915,0.15862893332387573,-1
-0.02075107589951042,0.28949049715363717,1
-0.5403465484047631,0.10532453555349641,1
-0.2556534895062057,0.3233345192583781,1
-0.7175529132537011,0.14175483367895247,1
-0.6294592892333526,-0.4427138737699272,1
-0.5625803993528335,-0.6343244402623658,-1
0.651421903121334,-0.4285848646782193,-1
0.14252093987419467,-0.7139977546685472,-1
-0.2509035132408375,0.595464526696428,1
-0.2652185426058591,-0.8259655633944225,-1
0.11356982185637587,0.6902417029920696,1
0.5918527742870048,-0.6497537197392935,-1
0.3455292288249334,-0.5589914731287058,-1
-0.5635849308956555,0.7481435466103703,1
-0.5006620945195397,-0.47350530696397763,1
0.5851896264182694,0.254657870181356,-1
0.5005315278776845,-0.6959028651510164,-1
-0.08335281082484913,-0.2975612253024382,-1
-0.812446947485967,-0.02773902957015184,1
-0.41707817301241223,-0.5849181275885931,-1
-0.5237066926686074,0.8168691037587505,1
-0.06386189153141975,-0.0674011741203624,1
0.5211512849105646,-0.6910155919901484,-1
-0.02546929179989843,-0.14002957175788056,-1
0.5388977881640942,-0.20426859396514563,-1
0.6551061045480939,-0.6585832733750396,-1
-0.3191768877714807,0.021161514919119773,1
0.23025828108239965,0.8212114344288435,1
0.019708019100915353,0.002551289251458755,-1
0.10231992383274413,-0.12364277350331099,-1
0.6783607899605972,-0.6786408305763096,-1
-0.9500566757659008,-0.10192246413974826,-1
0.4491965736952579,-0.776814000085505,-1
0.21663900001554337,-0.4379004996662217,-1
-0.653007899289956,-0.24049695416136507,1
0.6028915524459073,-0.2158128461908546,-1
0.5015392984221114,-0.7490274064016986,-1
0.5455428393301582,-0.5261333501867027,-1
0.3547862597777456,0.1315631096819927,-1
0.8582894344233747,-0.22535496404937194,-1
0.6537171219455062,0.04947127532286433,-1
0.5504881036698985,-0.5311487999769706,-1
-0.30983250897353254,-0.9397922555773621,-1
0.9229846491482243,0.33573581340162684,1
0.8664101755186124,-0.46900718514185535,-1
0.22292722245132168,0.3569999365852756,1
-0.3649005994848231,0.6962184700312601,1
0.4781339518787451,-0.44507064055009193,-1
0.41249232511052436,0.2453790818995949,-1
-0.32005627241350365,-0.8421211941068889,-1
-0.1144037269125251,-0.4779029475303038,1
-0.31322659564471156,0.6691435805112553,1
-0.25498213689306826,0.8572611242307882,1
-0.6744180215875413,0.1904256682537495,1
-0.10657094548295931,0.0030359207003327615,1
-0.506682768389187,-0.05807949513053301,1
0.32382726527402306,0.5023542739080855,1
0.507736165419826,0.15578222538817665,-1
0.32704718782690456,-0.17760502223490837,-1
-0.19518748140137654,0.7691737764592275,1
-0.3722438469699454,0.3821116254785235,1
-0.4567336374512607,-0.6187803338511004,-1
-0.6307350853052616,-0.31578475827281194,1
-0.14008476044035656,0.6618983421101368,1
-0.7602178130545758,0.4698516947897884,1
0.0629098283786107,-0.42410931464801505,1
-0.01436083093435081,-0.4001158604459547,1
0.19216391047661197,-0.1323121542895116,-1
0.0933913641442603,0.8048260665722069,1
-0.3120846268846289,0.4660002144452464,1
0.3173227098795339,0.863109828618962,1
0.6419620345982817,0.13321051781092597,-1
0.3140609964682146,0.7967729331680697,1
-0.2009624308261304,-0.34641058828444526,-1
0.6019614008067298,-0.7910909637996972,-1
0.15371476226540048,-0.07203660366622522,-1
0.18969475900381916,0.47773335426606534,1
-0.9351131079056261,0.3174352774540443,1
0.06458375190290888,-0.7934699822499032,-1
-0.6549522461072759,0.13594859463216102,1
-0.40728477297342325,0.8766314573026321,1
-0.13753226041688427,-0.30496240937249075,-1
0.3840225118933094,-0.0841420111319442,-1
-0.5469567479277886,0.22794061265046528,1
-0.49428376349977765,0.1552635086888452,1
-0.2815825060346193,0.6471044532236381,1
0.6413923215335586,-0.04529920375519736,-1
-0.2983617813299688,-0.2748804068818109,1
0.6114290513364358,-0.343641034404776,-1
-0.0666137582311832,-0.03573580216031624,1
0.6818174208058143,-0.557522607107872,-1
-0.23801745266320018,0.6168114777873819,1
0.647247221497947,-0.2307778480424636,-1
-0.08175195342663821,-0.39342821830143415,1
0.86749884600294,0.36773290367068645,1
0.06314430537346238,-0.9346818784310083,-1
-0.04880761635598341,-0.18450378999453543,-1
-0.6775623760497549,0.3128192070013138,1
0.9423018147365716,0.12437762212905024,1
0.42950655288789163,-0.8630990948679664,-1
-0.16466600836601053,-0.7672830296710083,-1
0.2255916710730208,0.8769643164283092,1
0.323555464943277,-0.8463939033711569,-1
-0.29066759002983433,0.10132675888170306,1
-0.19358448773349557,0.6672880209503447,1
0.6293420094199784,0.22366204020644287,-1
-0.2530841097345895,-0.4893272524735117,-1
-0.7882513635737414,-0.2902046330268919,1
-0.17365496558456095,0.3516458502081472,1
0.31631964859514694,-0.8597837207174861,-1
-0.20948136913768445,-0.6364422655652762,-1
-0.6863745893663886,0.6546042994744918,1
-0.9161695665674849,-0.16163424819575734,-1
0.11408102655007024,-0.537238727246304,1
0.004854574332752826,0.46297271940623164,-1
0.8328410890641325,0.27082871372381967,1
0.2596413088694154,-0.19357873363235445,-1
0.5047957646075758,0.06258803670186386,-1
0.35487614245658894,-0.1430841923024091,-1
0.4629929280862781,0.6489430352090981,1
-0.7071274867943678,0.665859431148456,1
0.08059306358061447,0.6893318181804486,1
-0.13739658731797078,-0.24191902923392994,-1
0.8301214650344448,-0.4976614649031974,-1
0.6884246505722862,-0.031958854981191775,-1
0.028190885102519436,-0.38306343702103196,1
0.14608440123803135,-0.3495776074475774,-1
0.931494419639495,-0.2096894050553899,-1
0.456741708679292,-0.30838780317915004,-1
0.3421863141719521,0.6108600860919582,1
0.8935124893844815,-0.199575448300656,-1
0.5665959659120954,-0.46814309873576243,-1
0.2070576130022419,0.31901196330265424,1
0.3760911141482577,-0.759224842421822,-1
0.24550680647968215,-0.5546478417538301,-1
-0.3855671659574582,0.09291708345624872,1
-0.16561316287084704,-0.6795487980469874,-1
-0.6581271951583034,-0.1637104236744007,1
0.5145659565510015,0.7959292936955771,1
-0.8317446754812343,-0.2137921848811979,1
0.3234373652879132,0.20489888393317557,-1
-0.6739617723702276,-0.5323743338138718,-1
-0.5370495724694038,0.7368190478938681,1
0.8529275959123697,-0.16074523438637933,-1
0.14789973213802088,-0.21420978221364195,-1
-0.942695144844691,0.16650478462511353,1
-0.38713435459325685,-0.9194839939815358,-1
0.17670444196630664,-0.20463117113389062,-1
0.947600826714299,0.08839732500740438,1
-0.44952163792598343,0.41887772926794953,1
-0.45701599491457734,0.8084865828151302,1
-0.25055605898524713,0.09973712555241043,1
-0.8988537923515423,-0.14775752409553844,1
0.6647270793219899,0.6112976107266839,1
-0.5513628822929475,-0.5478418579788746,-1
-0.8092781574539929,-0.09988272114754948,1
-0.32509144207154206,0.7413769109148787,1
-0.014929238571421477,-0.11578593064055998,-1
-0.3311976420225027,-0.21085536936215243,1
0.059881173860465875,-0.6772652832232338,-1
0.14399175656718555,0.6108646585999726,1
0.5203218595803181,-0.6922001906124526,-1
-0.7015010605170522,-0.46365126451017336,-1
-0.2778505473179256,-0.1830888371830348,1
0.35939443366669055,-0.8866391356683292,-1
-0.9306545915478672,-0.21617887411218195,-1
0.3943273842759609,-0.6131293140870349,-1
0.2830089625125034,-0.48034372411940107,-1
-0.405425591437347,-0.540012492073519,-1
-0.17739205586753748,-0.5189368296397026,-1
0.3447676865834073,0.652129369096571,1
0.346184261822434,0.6487008944986989,1
-0.20601567558505174,-0.6873660585822783,-1
0.4759018947951843,-0.27905098971689224,-1
0.342541650458265,-0.45871211603646866,-1
0.31884592416399515,0.1556141005021694,-1
0.7322030907556694,-0.4211209567610241,-1
-0.06463757503024592,0.23877993873300385,1
-0.17761904826101782,-0.14502709181946405,1
-0.3394306649958312,0.12846363336907207,1
0.701149056030232,-0.5969432439873743,-1
0.8688660775068828,0.37817530749645933,1
0.6465464253600604,0.11238138526002328,-1
-0.41186507564644437,-0.5793628874284127,-1
0.5307267277160814,-0.49394731815949355,-1
0.3476777965400093,0.6937744488579056,1
-0.351341245296964,0.35296749904120883,1
0.1884836546171944,0.206300240245894,-1
0.36506491907544314,0.15071834625819713,-1
-0.1418752613946681,-0.4481546112389063,-1
0.537162661826404,-0.5474551399936276,-1
0.38470861230882836,-0.5333343547013467,-1
0.2506603399089078,0.49415653425805783,1
-0.7380525140116518,0.21199393454205095,1
0.4683025180832925,-0.31736270809989575,-1
-0.042943260160954955,0.8577190996911312,1
-0.33605699052830906,-0.0693261321210279,1
0.26275065209650195,-0.14720328639675495,-1
0.09629040545604406,-0.6507056282073409,-1
-0.40813594112676777,0.3276489497054502,1
0.7807686417105322,0.15376240262241692,-1
0.12783913351124743,0.0005570704155206663,-1
0.20182401131817218,-0.3180828571288834,-1
0.8345361331553613,-0.18681892528105548,-1
-0.7134370825947178,0.42943766700407204,1
-0.4132931571179803,0.05094061471178635,1
0.39566557101034006,0.8005282224041408,1
0.5843823896033522,0.3527221357454482,-1
0.3592663647902872,0.8918492880641731,1
-0.45609088120360264,-0.564217240746512,-1
0.32366917022799635,0.2674231995310581,-1
0.18692276540944763,-0.9675131135810926,-1
0.45755610890129494,-0.35293917502901695,-1
0.3301119780132622,0.11315685700430667,-1
-0.31453814914418565,-0.7308474657917845,-1
0.836795084163116,0.29957609352859915,1
-0.7931317702790333,-0.19594556622351855,1
0.45787840021031445,0.5596417680201362,1
0.42427409176121,-0.28680764802758874,-1
0.08059881352299936,0.7023014708519635,1
0.9152632925451758,0.13148990122657844,-1
0.02892265547978834,-0.8298872290215178,-1
0.09774560308519953,-0.24004184206921075,-1
0.21427056176715387,-0.2225473042469066,-1
-0.5194017530992665,-0.810069449543247,-1
-0.37016311082220854,-0.8067103314244954,-1
-0.11179288618676275,0.0637435330100331,1
0.16542889868936306,0.6249476420883433,1
-0.34611795132664946,-0.3885120851054178,1
-0.1945925580108796,0.34501452534729826,1
0.36438337851019753,-0.3695211307010984,-1
-0.7335801517267426,0.26479251293101713,1
-0.743348275622471,0.15698501645866014,1
0.38684425611261797,0.4012229927889033,-1
0.5069442213191935,0.7457188431313291,1
-8.201607042312986e-05,0.46049837905914237,-1
0.23834547073167345,-0.6267201204046349,-1
-0.11393258732476119,0.2342118888573126,1
0.6999186610064108,-0.6075085665876687,-1
-0.7839108812471858,-0.04301785978562167,1
0.17112745758660375,0.08274884181487652,-1
-0.7890331450779287,0.17117536774522502,1
0.08868977526864219,-0.5325184159265115,1
0.2755482836911831,0.6401350041112988,1
-0.9168420803068125,-0.0037401129039151826,1
0.37862082420538057,-0.49537614586062584,-1
-0.3844581894137018,0.22727580597876762,1
0.16626043819916703,0.4604434355144984,1
-0.27035505958440265,0.28193105619751546,1
-0.06763681774488606,-0.6201277270848782,1
0.40347654775451436,0.11292927469764402,-1
-0.2827568360928172,0.8226783801572615,1
0.4042149082275852,-0.3372955625273659,-1
0.35132580441414607,-0.20812554760810031,-1
0.5125075828448686,-0.09163267452658785,-1
-0.1754405443366689,0.869459830976602,1
-0.49824180021859954,-0.7591053200068691,-1
0.16908622651891636,0.9386436245683578,1
-0.2443215725456267,-0.875926472742437,-1
-0.3213894653808651,0.011863308639116887,1
-0.6761539867355726,0.3162044361129841,1
-0.2905428865395747,-0.19859166633106673,1
-0.17034868895729605,-0.22545117715031737,1
0.31938054586094866,-0.11593315813775296,-1
0.2964669376156921,-0.877107419738425,-1
0.2975307723187719,0.9091318577176215,1
-0.6971353712600734,-0.045167621039292616,1
0.20361346789089452,0.16347329484237338,-1
-0.19707644182191353,-0.32383118126747723,-1
-0.7463519548991624,-0.21651509887544362,1
-0.6746783697890297,0.4687313529844368,1
0.10473227563446863,0.1904594654388032,1
0.743826122561011,0.15396322483536373,-1
-0.30903829255310855,0.606023763052641,1
0.08055778637484212,-0.8414394307376165,-1
0.1317011206264933,0.8160370908433248,1
-0.2073747490035589,-0.40734839620039986,-1
-0.7130610859639599,-0.6971089561292854,-1
-0.13445703131636222,0.19135964832305907,1
0.5102672348903918,0.17324783656732534,-1
-0.04632224453375122,0.2601862537233268,1
0.6573058122365785,0.5669391200985354,1
-0.44586150057320073,0.8817603391184086,1
-0.1891543497216901,0.032566598395348034,1
0.16129045181926815,0.871874496497119,1
0.34450137458838936,-0.037444097561526,-1
-0.439330494897175,-0.7356406844922565,-1
-0.1202887205723302,0.28791315889522706,1
-0.23809630995304998,-0.8908691834346021,-1
0.19892227931743323,0.8048065522213494,1
-0.2335692681054966,-0.5673344447383459,-1
-0.11484530813436922,-0.9032745779024383,-1
0.6409751689605496,0.6526816219003735,1
0.17600092685925683,-0.29379422212322104,-1
0.5995667288915667,0.10937404957673436,-1
0.6518646171000324,0.26291758516604125,-1
0.5688109464255946,0.19712598643551993,-1
-0.17171786356866758,0.9158917198522751,1
0.08222764975768948,0.21017903708107677,1
-0.5590247211705015,0.25130157885455295,1
0.1432152989658877,-0.6303232041059501,-1
-0.8808258052937126,0.20871863942954216,1
0.5273845387006411,0.04680274184401645,-1
-0.5464547493607086,0.33304395338606985,1
-0.8397885467807955,-0.11633259039609078,1
-0.6732664832031596,-0.6310818978802333,-1
-0.5954121016835927,-0.2265858859120442,1
-0.8976995887592047,-0.20441311814180363,-1
0.023414894229401684,-0.03341143006734959,-1
-0.23443179919391888,0.678293216141505,1
-0.7093466151589918,0.01139348756274794,1
0.1477316993541926,0.1320368497756419,-1
0.7560670256889139,0.11574735132014635,-1
-0.62944629933292,0.08254022188335619,1
0.291144362854856,-0.9088296841026624,-1
-0.40677503568581375,-0.8456249395470641,-1
-0.6602258535618855,-0.7461111724900547,-1
-0.7534324414021063,0.037123377331467866,1
-0.5083051150131994,-0.2837205669417111,1
-0.23572105033486146,0.10946360656470855,1
0.34086866759383505,0.2836390336028707,-1
-0.17842238000077648,-0.020711847935934724,1
-0.1691139988158208,-0.9519899103102223,-1
-0.32925678756507515,-0.6458354892054203,-1
0.19871945008433123,0.45731256847320534,1
-0.369272513467765,-0.2137057410119696,1
-0.526152012206553,-0.8060686580691505,-1
-0.6419367251168324,0.5950280905929717,1
0.35509161036755166,0.0938577519709538,-1
-0.04982025426646386,0.8448685673122489,1
-0.8545301044426632,-0.43879837352416806,-1
-0.3001242928585719,0.5648516244255757,1
0.7486146682741612,0.6612455208635826,1
-0.5506852047164668,-0.20133483960155485,1
-0.18065426141496177,0.9564413370531166,1
-0.6382161972422034,0.5983159422095641,1
-0.33161457165378017,0.4617406915523208,1
-0.1599779914086743,0.15671952623308005,1
0.6652235466522622,0.6083311299677683,1
0.38410110607948966,-0.7200252465564743,-1
-0.168362863963178,0.09717683010937694,1
-0.1945210305063385,0.03922335160601498,1
0.3509120906728511,-0.20799806722876957,-1
-0.5833692199829641,-0.2891213252718765,1
0.3384380598497334,-0.0323949202787055,-1
-0.16322093324333298,-0.2843775013288139,-1
0.18756126388690442,0.151186857280164,-1
-0.6770843318715198,-0.05652032496312187,1
0.10694355241969977,0.14057387746278094,-1
-0.5797856141752964,0.48454278450457355,1
-0.9496018103578607,-0.2903362889136747,-1
0.5604252970712671,0.12778584211080468,-1
-0.4776751349782795,0.3899062386860954,1
0.13478188831214677,0.5924872189127743,1
0.47005037237964675,0.2202158440724693,-1
-0.023644649378371962,-0.7336357486649532,-1
-0.47733396422923247,-0.16180105416582946,1
0.19859857401277736,0.02741571043060964,-1
-0.007521556198372137,-0.42874802287551383,1
0.16965562261158174,0.8829484750121308,1
-0.651181465777001,-0.056701018498809264,1
-0.8171560163657237,0.2513638245227052,1
0.10106336119245118,-0.18526895157433532,-1
0.04275404294748242,0.7931493169380204,1
0.7233297693982019,0.15423416477581298,-1
0.7813169109236848,0.19389044682634515,-1
0.620322179919405,-0.14065327328970412,-1
0.49971986257653755,0.826082933779712,1
0.14424592744441256,-0.6384296988752409,-1
-0.46240476993960367,-0.6027108462051884,-1
-0.5062859448085342,-0.38716910129792725,1
0.11026757350637695,0.17598325892766553,1
-0.14700050551627775,0.23084155964167086,1
-0.6563410792846831,0.036154996080689505,1
-0.5720106426033729,-0.43343119301484534,1
-0.19937432765401186,0.6237322480207597,1
0.3377530620813707,0.5973115607132731,1
-0.08296287562596927,0.129181277866927,1
0.32605440744629477,0.35813320899127477,-1
0.4403149218618805,-0.42555758158969836,-1
-0.5378382942510076,0.7947714349274297,1
-0.4876169711212901,-0.5586978807565031,-1
0.00011651838217341393,0.3497864061083096,1
-0.5218672318499407,0.516080842022433,1
0.520011089924197,-0.37480395018339974,-1
-0.1786347339794343,-0.5806194451395983,-1
0.9531220466458086,0.29120515411682324,1
0.8690877614310311,-0.39322891274173366,-1
0.5637818259937795,0.531717287769484,1
-0.2128893277873689,-0.7385653528204854,-1
0.3434177184881215,0.45861960095441234,1
0.15012114691762934,-0.5863642137332075,-1
0.008911883338710735,-0.3756205268617412,1
-0.14506694366662187,0.2904371516893278,1
0.4904294853816691,-0.5355506181973138,-1
-0.1893492787060933,-0.46167685801674163,-1
-0.6027367722762618,0.5667744399916768,1
0.8185053888739848,-0.25953562863084656,-1
0.5025578487475337,0.7939905787288222,1
0.6922484210604631,-0.6343732229215482,-1
0.9125837630267226,-0.24664711914107507,-1
-0.32151867765232733,-0.8751373454444393,-1
-0.027652691790233996,-0.7819727687181426,-1
-0.502920358145148,-0.36611475646543723,1
0.6176526469833681,0.750977300791793,1
-0.39506736507706064,0.7173962424891478,1
0.7144618747395821,0.529301900769747,1
-0.7066097719696369,0.38064569380145796,1
0.8900481291611375,0.36508095753431413,1
-0.3367663017843321,0.0011586348616625664,1
0.29145008670210726,0.021140817457007133,-1
-0.7600941165380604,-0.3758719106959587,-1
0.604792061107265,0.7228360921910348,1
-0.34235476430278133,0.32462747746143994,1
0.5036502919133623,0.6238924692757668,1
0.8914994044518603,-0.3741609039423548,-1
0.41008181270718547,0.48395545902797177,1
0.3554464824026409,-0.49537052772969403,-1
0.7460862940304067,-0.66228307325921,-1
-0.8927304169583383,0.4349299812238243,1
-0.04904856953453263,0.6981960399173521,1
-0.2332057178834821,-0.6634428229845744,-1
0.6728843849397395,0.09781926328014334,-1
-0.6216084152192902,0.4407679971728915,1
0.022227276979001065,0.20862596448063964,1
-0.07820332358683624,0.6574179676360128,1
0.6591254313660997,0.41877764364877246,-1
0.3420259610658196,0.394048332008599,-1
-0.27403431919225674,0.7585591123140134,1
0.45074320046971494,-0.7748190669416111,-1
-0.18444393118767466,0.7727607239202834,1
0.3583251366391256,0.2627519552867532,-1
-0.4588814870240172,-0.5024164225216459,-1
0.8841164389771909,-0.4034550915317545,-1
0.5510105934379987,-0.2137564035858417,-1
0.08851467403050162,0.9515576370978653,1
-0.26172761238159103,-0.2856153320139103,1
-0.3118167643011158,0.04108767460971685,1
-0.1186702331514129,0.759829253454029,1
0.011041583446980585,0.015515676377137577,-1
-0.5000542182623406,-0.8532718650807947,-1
0.3262924979504176,0.19073274031374532,-1
-0.16970869201450856,-0.15561553223864388,1
0.5701278420928624,-0.6085747198007019,-1
0.6405066378897795,0.2974942277900363,-1
-0.16206045244095124,-0.08394276683226276,1
-0.4867055856278084,0.5042286653939496,1
0.0257494846105355,-0.3582909145003128,1
-0.12947544068689232,0.8413828015572391,1
-0.3099663201508678,-0.8905345861500282,-1
-0.5915157872631422,-0.1626097133446316,1
0.48458446297389424,-0.6643708087079427,-1
0.44805837754584243,0.8576159213757706,1
-0.13892835817392601,-0.7617186560079037,-1
0.024785641464213137,-0.30233618508273974,-1
-0.2503501513000046,0.24266124831141456,1
0.4374362265244047,-0.7787928022536783,-1
-0.21637821076565666,0.6048035689026485,1
-0.3175111004845588,-0.1116331862432669,1
0.3511735471348776,0.017788140139760378,-1
-0.07853279951665226,0.9776810826073261,1
-0.033535848249129696,0.973791890776595,1
0.5091387224114732,-0.5027902307733874,-1
0.07678995857391535,0.9842712789571655,1
0.41274399361999214,-0.3088408282583739,-1
-0.5304911565500574,0.6377385410409431,1
-0.325338782308469,0.6550473879076342,1
-0.5176695713844761,-0.532865277862778,-1
0.11109913977123975,-0.41727785432451103,1
-0.1652104353417041,-0.24626623930562297,1
-0.014086056688279891,-0.3396880993687912,-1
-0.8795461101994051,-0.4046994448634391,-1
-0.4038675976599917,-0.3591974277195702,1
-0.6714263134551814,0.5663228618473943,1
-0.7550042760680216,0.2698133183063256,1
0.6425003091194086,0.08926174221427163,-1
-0.506077666016215,0.719290690705213,1
-0.6623799884308716,0.7078857642837058,1
-0.973542374189412,0.02356091313896136,1
0.7763826993226082,-0.601560628325847,-1
-0.4316314085765425,-0.422062950157883,1
-0.24589213799660237,-0.2133586592296226,1
0.08911064930935098,-0.6802404732671172,-1
0.3824933275719786,-0.664866921390987,-1
-0.37938303579090493,0.006690261212308091,1
0.5928811230469546,0.4789384664774545,1
0.2910687128210445,-0.6884534788396597,-1
0.09409069123115543,-0.8251069964002291,-1
-0.24527364640669846,-0.17296693942008168,1
-0.2953458914949214,-0.9137997821033519,-1
-0.6418101213436369,-0.21556441313291974,1
0.5270316873364245,-0.7826349212506158,-1
0.9625151547825537,-0.23676700178173005,-1
0.550469077798112,-0.31481783437773636,-1
0.2553377543176174,-0.6159678305199265,-1
0.2508669003331869,0.6165364224325565,1
-0.8619261261772502,-0.3304219162186417,-1
-0.37259375048568755,0.2712906439052265,1
-0.288084453058719,-0.7029864367126384,-1
0.19293415082708743,0.628767841338163,1
-0.23575301108005364,-0.7354625698030366,-1
-0.6066236053743539,-0.525033389661232,-1
-0.40020481401092756,0.28559014101261826,1
0.20189096907543802,0.3921597231340783,1
-0.27499603093697367,0.6479953037599566,1
-0.5918246776884795,-0.06191850496369211,1
0.6018774430828606,-0.6396827045347615,-1
-0.3141406744816082,0.36774024981806397,1
-0.36779737690605896,-0.8885182928251165,-1
0.21962552309623407,-0.5183923678536535,-1
-0.22638551589624,-0.8388383754269728,-1
-0.7056734978101094,-0.4040455290083125,-1
-0.9879059136320432,-0.03227956227137718,-1
-0.7535050837348971,-0.38464182104410294,-1
0.48313221693365915,0.09335452979462344,-1
0.7689574551935183,0.10798651100626189,-1
0.06911843831261733,-0.6090839992632002,1
-0.34432360229993186,-0.25583549007420814,1
0.5196473168567768,-0.3223530351543853,-1
0.19485848514684,0.761790321089505,1
-0.0699273315581801,-0.546042921056958,1
0.4878103746043039,0.8384160621074503,1
-0.1524597601381532,-0.3157347997762101,-1
0.9231014642751325,-0.11029513434491833,-1
-0.021903199101433568,-0.29670025531618927,-1
0.8190969460242767,0.1379109665637015,-1
0.5243491743632893,0.6236134367017727,1
-0.31630191616548364,-0.1326113373592399,1
0.6969435488125293,-0.2734892966483795,-1
0.24642074613601395,0.48325457490377777,1
0.6101946240822698,0.690079297793285,1
-0.20989332428640806,-0.8974730816480037,-1
-0.19624745752652095,0.34751245956817955,1
-0.09929922843841443,0.4979263017207971,-1
-0.28603514106267225,0.2694882822080591,1
-0.6271603902920508,0.49873887328991384,1
0.09139193762605169,-0.5918712229067988,1
-0.4161776530043855,0.49721741716366474,1
-0.03479752867695862,-0.5679371192138556,1
0.9142696650795923,-0.14578990927931357,-1
-0.04979931861655906,0.7959104323700383,1
0.050098680490769265,0.4145578238113343,-1
-0.49565424500894006,-0.10654706259471891,1
-0.7531002683792898,-0.5880399282460766,-1
0.3266214190080039,0.6781993975992231,1
0.10132091847312852,-0.6937109998320876,-1
0.45623287467233276,0.2005028201991661,-1
0.46250117869475016,0.5394932457141743,1
0.9508207353694902,0.14712656005341995,1
-0.31671777461879635,0.29692911380047415,1
-0.7612379773236064,-0.3443143242283635,-1
0.6314907612522418,0.19462475666142365,-1
-0.21272895944511583,-0.05312868124995718,1
0.7090947864043606,-0.3199912278802157,-1
0.5535968744172615,0.6950952661094727,1
-0.6363646943253225,-0.13930693525559912,1
-0.6690004506726888,0.4132082579884355,1
0.07069553612331347,0.27064669341664205,1
-0.6070260660875777,-0.576508275895161,-1
-0.9170053489801873,-0.35586492960854055,-1
0.1194893226673499,0.7158698279946576,1
0.3338548949173614,-0.12920735320049714,-1
0.8603304057251,0.055175946544331333,-1
0.452169702967701,-0.7573940039889318,-1
-0.39444974345606565,0.06494181576779479,1
0.12883317555949536,0.20116639397427205,1
-0.6674893393005987,-0.2405251903567025,1
0.2343884542339334,0.9396377292675695,1
0.45526227539937736,0.8452075141879156,1
0.5244241166283541,0.18343393778480088,-1
-0.6159532617273109,0.3333713037850261,1
0.24675913191981413,0.2049383409145329,-1
-0.020428264023518494,0.05731320797855122,1
-0.33111494576379186,0.03862538528460635,1
-0.6048881886430435,0.6103487947207535,1
-0.12750794728568526,0.3166148790121237,1
-0.12456635013291728,-0.4464917360973828,1
0.11634236778088147,-0.30599532917560013,-1
0.004743639944190914,-0.34423201196348296,-1
-0.050461987912697515,-0.32735321145933294,-1
0.10562975143669817,0.481327162133252,-1
